rank,Youtuber,subscribers,video views,video count,category,started,year,freq_m
1,whinderssonnunes,44200000,4282417145,558,Comedy,2013,10.5,4.428571428571429
2,Luisito Comunica,40600000,8700567450,1271,Comedy,2012,11.5,9.210144927536232
3,CarryMinati,39700000,3357707906,186,Comedy,2014,9.5,1.631578947368421
4,Jkk Entertainment,37300000,16428944225,220,Comedy,2017,6.5,2.8205128205128207
5,KHANDESHI MOVIES,33500000,11418775172,217,Comedy,2013,10.5,1.7222222222222223
6,The Tonight Show Starring Jimmy Fallon,31200000,17076243343,8981,Comedy,2006,17.5,42.76666666666667
7,Round2hell,30800000,3157338908,67,Comedy,2016,7.5,0.7444444444444445
8,Talking Tom,30200000,15240126244,529,Comedy,2010,13.5,3.265432098765432
9,ashish chanchlani vines,29800000,4472821300,151,Comedy,2009,14.5,0.867816091954023
10,Enaldinho,29500000,11750928350,3655,Comedy,2012,11.5,26.485507246376812
11,Shorts Break,29200000,19589309053,461,Comedy,2021,2.5,15.366666666666667
12,AuronPlay,29200000,4084701167,404,Comedy,2006,17.5,1.9238095238095239
13,Brent Rivera,27100000,6650674973,554,Comedy,2009,14.5,3.1839080459770113
14,Alan Chikin Chow,26800000,27330295417,864,Comedy,2020,3.5,20.571428571428573
15,enchufetv,26700000,10326423606,975,Comedy,2011,12.5,6.5
16,Smosh,26100000,10443677950,1619,Comedy,2005,18.5,7.292792792792793
17,LankyBox,25800000,34879778945,8869,Comedy,2016,7.5,98.54444444444444
18,Spider Slack,24700000,14377513349,905,Comedy,2020,3.5,21.547619047619047
19,Daniel LaBelle,24600000,13214697802,287,Comedy,2009,14.5,1.6494252873563218
20,Alejo Igoa,24300000,11161626927,802,Comedy,2014,9.5,7.035087719298246
21,Heroindori,23300000,9442319634,496,Comedy,2020,3.5,11.80952380952381
22,Topper Guild,23200000,15860276137,816,Comedy,2014,9.5,7.157894736842105
23,YOLO,21700000,1605843135,264,Comedy,2015,8.5,2.588235294117647
24,Canal Canalha,20800000,1869837288,288,Comedy,2011,12.5,1.92
25,Bizarrap,20700000,7757161677,83,Comedy,2017,6.5,1.064102564102564
26,dednahype,20700000,21516756070,1951,Comedy,2020,3.5,46.452380952380956
27,Marta and Rustam,20600000,19979032733,767,Comedy,2021,2.5,25.566666666666666
28,Noor Stars,20300000,2774235015,693,Comedy,2014,9.5,6.078947368421052
29,JennaMarbles,19700000,1804716440,250,Comedy,2010,13.5,1.5432098765432098
30,Triggered Insaan,19200000,3331648269,304,Comedy,2014,9.5,2.6666666666666665
31,TheOdd1sOut,19100000,4570872408,139,Comedy,2014,9.5,1.219298245614035
32,TheWillyrex,18400000,7042589153,6941,Comedy,2011,12.5,46.27333333333333
33,Lele Pons,17900000,5262193347,185,Comedy,2015,8.5,1.8137254901960784
34,MissaSinfonia,17700000,2291104573,234,Comedy,2011,12.5,1.5599999999999998
35,TheBrianMaps,17200000,4467144407,498,Comedy,2012,11.5,3.6086956521739126
36,Liza Koshy,17100000,2174181333,142,Comedy,2013,10.5,1.126984126984127
37,Prajapati News,17000000,1005564403,1412,Comedy,2013,10.5,11.206349206349207
38,Aayu and Pihu Show,16900000,9323024801,443,Comedy,2017,6.5,5.67948717948718
39,FailArmy,16600000,3127285958,440,Comedy,2011,12.5,2.9333333333333336
40,Kaykai Salaider,16400000,4440138423,429,Comedy,2011,12.5,2.86
41,T3ddy,16200000,3003141767,1930,Comedy,2012,11.5,13.985507246376812
42,Harsh Beniwal,15500000,1798771690,165,Comedy,2015,8.5,1.6176470588235292
43,RubÃ©n Tuesta oficial,15500000,9775426498,925,Comedy,2016,7.5,10.277777777777777
44,The MriDul,15300000,4538182996,107,Comedy,2015,8.5,1.0490196078431373
45,ISSEI / ãã£ãã,15200000,13736755563,1788,Comedy,2014,9.5,15.68421052631579
46,Noman Official,14900000,5590142236,562,Comedy,2019,4.5,10.407407407407407
47,Chad Wild Clay,14700000,6771044557,698,Comedy,2006,17.5,3.323809523809524
48,CollegeHumor,14700000,7193570991,4340,Comedy,2006,17.5,20.666666666666668
49,Lilly Singh,14500000,3520244683,1063,Comedy,2010,13.5,6.561728395061729
50,Rebecca Zamolo,14400000,6469665394,946,Comedy,2011,12.5,6.3066666666666675
51,Rclbeauty101,14400000,3904232755,463,Comedy,2010,13.5,2.858024691358025
52,Cyprien,14400000,3093739042,222,Comedy,2007,16.5,1.1212121212121213
53,SEVENGERS,14300000,10413955986,876,Comedy,2018,5.5,13.272727272727273
54,Woody & Kleiny,13900000,12117811631,978,Comedy,2013,10.5,7.761904761904762
55,O Que NÃ£o Dizer Oficial,13800000,2024843318,700,Comedy,2015,8.5,6.862745098039216
56,The Vishal bhatt,13800000,9643401505,1039,Comedy,2021,2.5,34.63333333333333
57,FAPTV,13700000,5477196554,864,Comedy,2014,9.5,7.578947368421052
58,My Mate Nate,13500000,3386924299,1194,Comedy,2014,9.5,10.473684210526317
59,Just For Laughs Gags,13300000,7397971167,6916,Comedy,2007,16.5,34.92929292929293
60,Everson Zoio,13000000,1025781106,625,Comedy,2009,14.5,3.591954022988506
61,The LaBrant Fam,13000000,4592374265,612,Comedy,2012,11.5,4.434782608695652
62,Adam W,13000000,9673789585,683,Comedy,2015,8.5,6.696078431372549
63,Melon City Show - Ø¨Ø±ÙØ§ÙØ¬ ÙÙØ§ÙØ© Ø¨Ø·ÙØ®,12800000,5873361849,1726,Comedy,2016,7.5,19.177777777777777
64,Franco Escamilla,12700000,4288667170,2480,Comedy,2007,16.5,12.525252525252526
65,_vector_,12600000,7772528343,397,Comedy,2019,4.5,7.351851851851852
66,MoniLina,12600000,16169321451,777,Comedy,2021,2.5,25.900000000000002
67,CKM,12500000,4472664916,117,Comedy,2018,5.5,1.7727272727272727
68,Gustavo ParÃ³dias,12500000,2643353108,946,Comedy,2014,9.5,8.298245614035087
69,Make Joke Of,12300000,2138081036,62,Comedy,2017,6.5,0.7948717948717948
70,DANIEL EL TRAVIESO VIDEOS,12100000,4948352927,342,Comedy,2014,9.5,3.0
71,Rubius Z,12000000,2103701625,545,Comedy,2006,17.5,2.5952380952380953
72,Luis MÃ©ndez,12000000,4720494056,1178,Comedy,2021,2.5,39.266666666666666
73,SpriteDer SPD,11800000,2136296945,261,Comedy,2014,9.5,2.289473684210526
74,SBT,11800000,3530441846,26040,Comedy,2008,15.5,140.0
75,EU FICO LOKO,11700000,1185953342,1600,Comedy,2010,13.5,9.876543209876543
76,Norman,11700000,2713691120,210,Comedy,2011,12.5,1.4000000000000001
77,Elvish yadav,11600000,1089845081,182,Comedy,2016,7.5,2.022222222222222
78,Dani Russo Tv,11600000,613899909,282,Comedy,2014,9.5,2.473684210526316
79,Comedy Central,11500000,6451439823,6126,Comedy,2006,17.5,29.171428571428574
80,HikakinTV,11400000,11144151155,3332,Comedy,2011,12.5,22.213333333333335
81,Comedy Captain,11300000,1115596766,2020,Comedy,2016,7.5,22.444444444444443
82,Cong TV,11300000,1549007046,513,Comedy,2008,15.5,2.758064516129032
83,ÙÙÙÙØ§Øª ÙØ§Ø­Ø¯ Ø¹Ø±Ø§ÙÙ | One Iraqi Diary,11200000,1440708378,326,Comedy,2014,9.5,2.8596491228070176
84,MyLifeAsEva,11200000,1539857980,343,Comedy,2011,12.5,2.2866666666666666
85,ExplosmEntertainment,11000000,3797666754,1265,Comedy,2009,14.5,7.2701149425287355
86,Dalas Review,10900000,2811983241,1457,Comedy,2012,11.5,10.557971014492754
87,Juanpa Zurita,10900000,688487602,233,Comedy,2013,10.5,1.849206349206349
88,Galo Frito,10700000,1932685818,582,Comedy,2007,16.5,2.9393939393939394
89,AdamThomasMoran,10700000,2504978447,664,Comedy,2010,13.5,4.098765432098765
90,Lucas Rangel,10600000,1892064453,905,Comedy,2014,9.5,7.938596491228069
91,The Daily Show,10500000,5336100302,5245,Comedy,2016,7.5,58.27777777777778
92,Jesse,10500000,2221829876,296,Comedy,2009,14.5,1.7011494252873565
93,Caracol Raivoso,10400000,458046048,54,Comedy,2013,10.5,0.4285714285714286
94,Steven He,10300000,2074131147,300,Comedy,2019,4.5,5.555555555555556
95,FV FAMILY,10300000,9331764989,751,Comedy,2018,5.5,11.378787878787877
96,Chimkandi,10200000,4691121031,333,Comedy,2016,7.5,3.6999999999999997
97,Asli Mona Official,10200000,5343466351,732,Comedy,2021,2.5,24.400000000000002
98,Ini Talk Show,10100000,4709891065,6207,Comedy,2014,9.5,54.44736842105263
99,BERTH-OH,10100000,1530125032,677,Comedy,2015,8.5,6.637254901960784
100,Nessie Judge,10000000,1633303388,1060,Comedy,2012,11.5,7.681159420289855
101,Haste Raho,10000000,3749854073,1470,Comedy,2018,5.5,22.27272727272727
102,ÙÙÙØ¹Ø§Øª Ø§ÙÙÙÙÙØ¯ÙØ§ Ø§ÙØ¹Ø±Ø§ÙÙØ©,10000000,3143078520,309,Comedy,2013,10.5,2.452380952380952
103,RiceGum,10000000,2188318280,334,Comedy,2012,11.5,2.420289855072464
104,FilterCopy,10000000,4088013706,918,Comedy,2015,8.5,9.0
105,Dolan Twins,9950000,1875689975,310,Comedy,2014,9.5,2.7192982456140347
106,Bart Baker,9860000,3363286587,205,Comedy,2006,17.5,0.9761904761904762
107,Anwar Jibawi,9820000,3601990075,466,Comedy,2016,7.5,5.177777777777778
108,BCC Gaming,9730000,2236678388,3433,Comedy,2011,12.5,22.886666666666667
109,M2DK.ãããå®¶ã®æ¥å¸¸,9700000,9027772356,5214,Comedy,2020,3.5,124.14285714285715
110,Sam and Colby,9670000,1376040866,335,Comedy,2014,9.5,2.93859649122807
111,COMÃDIA SELVAGEM,9660000,3124991973,1176,Comedy,2017,6.5,15.076923076923078
112,Fabru Blacutt,9580000,4313332286,398,Comedy,2014,9.5,3.4912280701754383
113,TeluguOne,9570000,6976721861,46682,Comedy,2006,17.5,222.2952380952381
114,BigDawsTv,9560000,2110598694,535,Comedy,2012,11.5,3.8768115942028984
115,WARINTIL OFFICIAL,9520000,4319588540,762,Comedy,2012,11.5,5.521739130434782
116,mingweirocks,9510000,9506189662,622,Comedy,2018,5.5,9.424242424242424
117,IrmÃ£os Berti,9420000,1492587636,1953,Comedy,2009,14.5,11.224137931034482
118,Muca MuriÃ§oca,9400000,1289026621,774,Comedy,2012,11.5,5.608695652173913
119,PelucheEn ElEstuche,9390000,1877943814,845,Comedy,2014,9.5,7.412280701754386
120,PANDA,9370000,1273946708,230,Comedy,2015,8.5,2.2549019607843137
121,Hannah Stocking,9260000,3572796913,447,Comedy,2013,10.5,3.5476190476190474
122,PlaticaPolinesia,9180000,307107241,42,Comedy,2010,13.5,0.25925925925925924
123,Comedy Wale,9140000,834954083,1907,Comedy,2016,7.5,21.18888888888889
124,Rayito,9140000,601088610,334,Comedy,2011,12.5,2.2266666666666666
125,ÐÐ Ð£ÐÐ,9110000,2570356874,498,Comedy,2013,10.5,3.9523809523809526
126,Hayla TV,9060000,1285185610,344,Comedy,2013,10.5,2.73015873015873
127,Wismichu,9030000,1508812906,366,Comedy,2012,11.5,2.652173913043478
128,JM Films Bhojpuri,8990000,120426,13,Comedy,2015,8.5,0.12745098039215685
129,Karikku,8990000,1578269458,152,Comedy,2016,7.5,1.6888888888888889
130,Julius Dein,8930000,2167405968,386,Comedy,2014,9.5,3.3859649122807016
131,CÃ¢meras Escondidas Programa Silvio Santos,8880000,5649589075,1933,Comedy,2013,10.5,15.341269841269842
132,MarkAngelComedy,8850000,2173024389,773,Comedy,2013,10.5,6.134920634920635
133,animasinopal,8650000,1361037753,265,Comedy,2018,5.5,4.015151515151515
134,Team Coco,8640000,8419476351,10606,Comedy,2008,15.5,57.02150537634409
135,TheSaudiReporters | Ø³Ø¹ÙØ¯Ù Ø±ÙØ¨ÙØ±ØªØ±Ø²,8560000,1619845862,355,Comedy,2010,13.5,2.191358024691358
136,Yes Theory,8460000,1014502546,377,Comedy,2014,9.5,3.307017543859649
137,Mamute Congelado,8450000,1878271715,1414,Comedy,2016,7.5,15.71111111111111
138,Manchurek Triplets,8360000,9018000696,2168,Comedy,2020,3.5,51.61904761904762
139,Maell Lee,8340000,859176369,347,Comedy,2018,5.5,5.257575757575758
140,Ð Ð¾ÑÑÐ¸Ñ 1,8340000,1243238827,13877,Comedy,2015,8.5,136.04901960784312
141,uJoÃ£ozinho,8200000,1170401939,825,Comedy,2014,9.5,7.2368421052631575
142,Ð¢ÐµÐ»ÐµÐºÐ°Ð½Ð°Ð» Ð¢ÐÐ¢,8190000,4032649973,7229,Comedy,2007,16.5,36.51010101010101
143,Bad Lip Reading,8180000,1459019662,125,Comedy,2011,12.5,0.8333333333333334
144,mrnigelng,8120000,901702202,134,Comedy,2012,11.5,0.9710144927536232
145,Secret Vlog,8080000,8878645930,1711,Comedy,2019,4.5,31.685185185185187
146,Mr Bean World,8030000,3121561753,1323,Comedy,2013,10.5,10.5
147,NELK,7990000,1501169870,301,Comedy,2010,13.5,1.8580246913580247
148,El Super Trucha,7970000,477779737,131,Comedy,2017,6.5,1.6794871794871795
149,Frame Order,7960000,2186219455,543,Comedy,2013,10.5,4.309523809523809
150,Brad Mondo,7960000,1552754668,568,Comedy,2015,8.5,5.568627450980393
151,TVFilthyFrank,7890000,1239363024,155,Comedy,2013,10.5,1.2301587301587302
152,Humor Multishow,7860000,3512754039,7690,Comedy,2015,8.5,75.3921568627451
153,Mic Set,7810000,525910028,81,Comedy,2017,6.5,1.0384615384615385
154,Shane Dawson TV,7810000,127197719,14,Comedy,2008,15.5,0.07526881720430108
155,German Spidey,7650000,8433769546,1204,Comedy,2021,2.5,40.13333333333333
156,Pagode da Ofensa na Web,7600000,1241897701,1134,Comedy,2013,10.5,9.0
157,Khandesh Fun,7570000,2300772593,229,Comedy,2016,7.5,2.5444444444444447
158,Zakir Khan,7540000,709262262,176,Comedy,2011,12.5,1.1733333333333333
159,Jeenie.Weenie,7530000,6338267592,717,Comedy,2011,12.5,4.78
160,Ingrid Ohara TV,7530000,604536809,637,Comedy,2015,8.5,6.245098039215686
161,MagicofRahat,7500000,1529956237,278,Comedy,2007,16.5,1.404040404040404
162,Payal Panchal,7490000,2733806721,269,Comedy,2019,4.5,4.981481481481482
163,iDubbbzTV,7480000,1210225925,286,Comedy,2012,11.5,2.072463768115942
164,Rudy Mancuso,7440000,1068981051,130,Comedy,2011,12.5,0.8666666666666667
165,ThatcherJoe,7400000,1326882277,341,Comedy,2011,12.5,2.2733333333333334
166,Mohak Meet,7390000,2687284380,888,Comedy,2012,11.5,6.434782608695652
167,Domics,7360000,1217187408,210,Comedy,2012,11.5,1.5217391304347825
168,Ø§ÙÙØ± Ø§ÙÙØ­Ø¨ÙØ¨ Anwar beloved,7320000,1992766399,415,Comedy,2014,9.5,3.6403508771929824
169,RÃ©mi GAILLARD,7300000,1961048521,161,Comedy,2007,16.5,0.8131313131313131
170,Wolfie,7270000,1146619960,356,Comedy,2013,10.5,2.8253968253968256
171,thelonelyisland,7270000,2729711185,126,Comedy,2005,18.5,0.5675675675675675
172,JRE Clips,7230000,5129262000,5393,Comedy,2017,6.5,69.14102564102565
173,TomSka,7220000,2036917511,176,Comedy,2006,17.5,0.8380952380952381
174,Danny Duncan,7210000,1752819077,458,Comedy,2014,9.5,4.017543859649122
175,Te lo resumo,7210000,2010433966,622,Comedy,2012,11.5,4.507246376811595
176,Jaqueline Sobrinho,7190000,1909415948,824,Comedy,2013,10.5,6.53968253968254
177,Pablo Bruschi,7180000,3786924215,2671,Comedy,2013,10.5,21.1984126984127
178,Priyanka Tyagi,7060000,4374454087,566,Comedy,2021,2.5,18.866666666666667
179,MostlySane,7040000,1462016343,1249,Comedy,2015,8.5,12.245098039215685
180,Angry Prash,7010000,1164714865,166,Comedy,2016,7.5,1.8444444444444443
181,Apu Alone,6990000,9406785993,2989,Comedy,2021,2.5,99.63333333333333
182,Niko Omilana,6980000,572336087,142,Comedy,2011,12.5,0.9466666666666667
183,Iker Unzu,6950000,3106204105,1018,Comedy,2015,8.5,9.980392156862745
184,æ±æµ·ãªã³ã¨ã¢,6930000,12687543172,2822,Comedy,2013,10.5,22.396825396825395
185,FatTV,6790000,5981706938,597,Comedy,2019,4.5,11.055555555555555
186,sonu.indoriii,6770000,2607102496,473,Comedy,2013,10.5,3.7539682539682544
187,ÐÐÐÐÐÐÐÐ,6750000,1162472938,304,Comedy,2012,11.5,2.2028985507246377
188,2 Foreigners In Bollywood,6750000,858598530,54,Comedy,2016,7.5,0.6
189,ÙØ¯Ù Ù Ø§Ø­ÙØ¯,6630000,4637445162,1521,Comedy,2019,4.5,28.166666666666668
190,Ramez Galal,6610000,1658338096,604,Comedy,2015,8.5,5.921568627450981
191,BENOFTHEWEEK,6570000,2036066057,340,Comedy,2013,10.5,2.698412698412698
192,Boom,6480000,73877,0,Comedy,2013,10.5,0.0
193,JianHao Tan,6480000,2486312047,837,Comedy,2010,13.5,5.166666666666667
194,Carolina DÃ­az,6450000,678376582,492,Comedy,2018,5.5,7.454545454545454
195,Gabriel Iglesias,6440000,1261957457,642,Comedy,2009,14.5,3.689655172413793
196,Arpitbhiya indori,6420000,4728815717,1208,Comedy,2016,7.5,13.422222222222222
197,Sherin Amara,6410000,523099547,216,Comedy,2015,8.5,2.1176470588235294
198,Brandon Rogers,6390000,1319260894,240,Comedy,2006,17.5,1.1428571428571428
199,Trav and Cor,6380000,2722741144,366,Comedy,2014,9.5,3.210526315789474
200,Sr Pelo,6360000,1475568022,190,Comedy,2008,15.5,1.021505376344086
201,America's Funniest Home Videos,6360000,2379604822,1111,Comedy,2010,13.5,6.8580246913580245
202,Nicolas Gomes,6320000,669052288,1214,Comedy,2017,6.5,15.564102564102564
203,Coby Persin,6310000,1223703251,202,Comedy,2010,13.5,1.2469135802469136
204,Mahmoud elgamal-ÙØ­ÙÙØ¯ Ø§ÙØ¬ÙÙ,6280000,4524722035,1381,Comedy,2017,6.5,17.705128205128204
205,Thiago Ventura,6260000,615214809,208,Comedy,2009,14.5,1.1954022988505748
206,This is Ð¥Ð¾ÑÐ¾ÑÐ¾,6260000,2171939808,1455,Comedy,2010,13.5,8.981481481481481
207,merrelltwins,6250000,1598867713,763,Comedy,2009,14.5,4.385057471264368
208,OAUJUN HI-END,6250000,1965052329,720,Comedy,2015,8.5,7.0588235294117645
209,Mister V,6220000,479641474,33,Comedy,2008,15.5,0.17741935483870966
210,Danny Gonzalez,6210000,1416334335,278,Comedy,2014,9.5,2.43859649122807
211,El FedeWolf,6190000,1615321488,474,Comedy,2017,6.5,6.076923076923077
212,TGFbro,6190000,1443888858,473,Comedy,2012,11.5,3.427536231884058
213,DOODLAND,6130000,2533541047,1631,Comedy,2019,4.5,30.203703703703706
214,FUNwithPRASAD,6120000,3791706591,1131,Comedy,2018,5.5,17.136363636363637
215,Ø¹Ø§Ø¦ÙØ© Ø§Ø¨Ù Ø±Ø¹Ø¯ Abo Raad family,6090000,3621973328,1981,Comedy,2018,5.5,30.015151515151516
216,Canal Rodrigo Mota TV,6070000,2435375867,252,Comedy,2013,10.5,2.0
217,FUNnel Vision,5990000,0,0,Comedy,2006,17.5,0.0
218,h3h3Productions,5990000,1360660919,275,Comedy,2011,12.5,1.8333333333333333
219,No Matinho,5980000,2737203366,1708,Comedy,2016,7.5,18.977777777777778
220,Lucas Lira,5980000,289753368,159,Comedy,2012,11.5,1.1521739130434783
221,OneTwo,5970000,2500442599,489,Comedy,2016,7.5,5.433333333333334
222,JUCA,5960000,1040631362,903,Comedy,2014,9.5,7.921052631578948
223,Shahid paneer,5940000,2462202301,437,Comedy,2022,1.5,24.277777777777775
224,Prankedy,5930000,1040244718,263,Comedy,2013,10.5,2.0873015873015874
225,5 Alguma Coisa,5930000,1523294884,840,Comedy,2012,11.5,6.08695652173913
226,BenjaBerum,5910000,2271120023,189,Comedy,2016,7.5,2.1
227,BATOM ATREVIDO,5860000,951420557,745,Comedy,2012,11.5,5.398550724637681
228,BadComedian,5860000,1509625251,198,Comedy,2011,12.5,1.32
229,Studio Sangeeta,5850000,2185020791,4002,Comedy,2013,10.5,31.761904761904763
230,CLEPTON,5850000,3185949548,930,Comedy,2016,7.5,10.333333333333334
231,Dinah Moraes,5820000,2490245414,1198,Comedy,2013,10.5,9.507936507936508
232,TAWHID AFRIDI,5810000,548656753,197,Comedy,2015,8.5,1.9313725490196079
233,Mirchi Murga,5800000,1603259704,1347,Comedy,2014,9.5,11.81578947368421
234,Lonrot,5780000,515325828,121,Comedy,2006,17.5,0.5761904761904763
235,Family The Honest Comedy,5760000,5515798139,4007,Comedy,2017,6.5,51.37179487179487
236,Ø¹ÙØ§Ø± ÙØ§ÙØ± AMF,5740000,1278573324,516,Comedy,2013,10.5,4.095238095238096
237,SKabeche,5730000,367064370,104,Comedy,2014,9.5,0.912280701754386
238,ìêµ­ë¨ì Korean Englishman,5720000,2049887549,548,Comedy,2013,10.5,4.349206349206349
239,JustDustin,5680000,1217287668,321,Comedy,2016,7.5,3.5666666666666664
240,Onevilage,5670000,7292877882,3699,Comedy,2019,4.5,68.5
241,Kyoot,5670000,1628326953,632,Comedy,2012,11.5,4.579710144927536
242,ÐÑÐ¸ÑÐ¸Ð°Ð»ÑÐ½ÑÐ¹ ÐºÐ°Ð½Ð°Ð» ÐÐÐ,5660000,4279353134,3290,Comedy,2005,18.5,14.81981981981982
243,ÐÐÐÐÐ­,5640000,1869837331,500,Comedy,2009,14.5,2.873563218390805
244,Troll Punjabi,5620000,779203219,93,Comedy,2012,11.5,0.6739130434782609
245,Kyle Exum,5610000,734262590,209,Comedy,2014,9.5,1.8333333333333333
246,Demariki,5590000,6645814467,2126,Comedy,2021,2.5,70.86666666666666
247,Alex & Ksyu,5570000,4459170537,617,Comedy,2020,3.5,14.69047619047619
248,TheOfficialLoganPaul,5560000,955139499,149,Comedy,2013,10.5,1.1825396825396826
249,Dosogas,5540000,1147307010,447,Comedy,2014,9.5,3.9210526315789473
250,Hekal Twins | ÙÙÙÙ ØªÙÙÙØ²,5530000,833367899,371,Comedy,2017,6.5,4.756410256410256
251,Kevin Tran éç§ä¼,5510000,1178316605,158,Comedy,2012,11.5,1.144927536231884
252,Mastu,5500000,847400463,312,Comedy,2015,8.5,3.0588235294117645
253,clab_33,5490000,2011130573,1065,Comedy,2018,5.5,16.136363636363637
254,Salonayyy,5470000,2977291200,663,Comedy,2019,4.5,12.277777777777779
255,Stromedy,5450000,1550474022,808,Comedy,2012,11.5,5.855072463768116
256,Rajasthani Chamak Music,5400000,1374507996,325,Comedy,2016,7.5,3.611111111111111
257,Ownage Pranks,5390000,1260756656,550,Comedy,2007,16.5,2.777777777777778
258,Luis Mariz,5380000,447976751,122,Comedy,2014,9.5,1.0701754385964912
259,Tana Mongeau,5380000,923757964,326,Comedy,2015,8.5,3.1960784313725488
260,LOS DURAN,5370000,2444725446,771,Comedy,2017,6.5,9.884615384615385
261,Nachter,5340000,4109577964,4459,Comedy,2015,8.5,43.71568627450981
262,TIKTORIKI,5320000,9226204417,652,Comedy,2021,2.5,21.733333333333334
263,SEB,5290000,663255770,149,Comedy,2011,12.5,0.9933333333333333
264,SoSorry,5270000,2044183882,1211,Comedy,2013,10.5,9.61111111111111
265,AMIGOS FOREVER,5270000,2770641623,840,Comedy,2020,3.5,20.0
266,SANSAR COMEDY BAR,5270000,2386084830,347,Comedy,2022,1.5,19.27777777777778
267,COREANO LOCO TV,5240000,670639912,3757,Comedy,2013,10.5,29.817460317460316
268,CiproShow,5210000,1456195493,351,Comedy,2011,12.5,2.34
269,I am MoBo,5200000,2636688767,144,Comedy,2021,2.5,4.8
270,Ducky Bhai,5180000,857100902,398,Comedy,2017,6.5,5.102564102564103
271,Jay & Sharon,5160000,4108783240,263,Comedy,2020,3.5,6.261904761904762
272,ETV Plus India,5150000,3849464679,29782,Comedy,2013,10.5,236.36507936507937
273,Rafael Chocolate,5140000,649314349,297,Comedy,2016,7.5,3.3000000000000003
274,Natoo,5140000,879205491,155,Comedy,2006,17.5,0.7380952380952381
275,LOL Network,5140000,930539974,798,Comedy,2009,14.5,4.586206896551724
276,Nakkalites,5080000,1304674586,639,Comedy,2017,6.5,8.192307692307692
277,CartoonKiDS BR,5050000,234877,18,Comedy,2017,6.5,0.23076923076923075
278,YAPYAP,5040000,3939661976,2678,Comedy,2013,10.5,21.253968253968253
279,Rhett & Link,5030000,955502410,344,Comedy,2006,17.5,1.6380952380952383
280,Sturniolo Triplets,5010000,359049136,240,Comedy,2020,3.5,5.714285714285714
281,SteveKardynal,5000000,537070880,86,Comedy,2009,14.5,0.4942528735632184
282,Bridon Production LLC,4990000,1955944955,566,Comedy,2011,12.5,3.7733333333333334
283,Avocado Couple Live,4970000,1396429893,734,Comedy,2019,4.5,13.592592592592593
284,WillNE,4940000,810888359,299,Comedy,2011,12.5,1.9933333333333334
285,ZAKATOON,4920000,811738780,168,Comedy,2017,6.5,2.1538461538461537
286,whatdafaqshow,4910000,697561045,832,Comedy,2009,14.5,4.781609195402299
287,Lionfield,4870000,6509193046,1013,Comedy,2020,3.5,24.11904761904762
288,Vines best fun,4870000,356287801,142,Comedy,2017,6.5,1.8205128205128205
289,G Series Bangla Natok,4830000,1078047139,1278,Comedy,2016,7.5,14.200000000000001
290,Imbrandonfarris,4800000,1325705016,981,Comedy,2013,10.5,7.785714285714286
291,Parithabangal,4800000,982080875,538,Comedy,2018,5.5,8.15151515151515
292,Key & Peele,4800000,2131174946,491,Comedy,2019,4.5,9.092592592592593
293,Peachy,4790000,722692804,1295,Comedy,2013,10.5,10.277777777777777
294,DSS Production The official,4790000,871218355,248,Comedy,2016,7.5,2.755555555555556
295,celloszxz,4790000,1432775886,410,Comedy,2020,3.5,9.761904761904761
296,Amyy Woahh,4760000,3240888725,907,Comedy,2018,5.5,13.742424242424242
297,El Chavo del 8,4740000,0,0,Comedy,2006,17.5,0.0
298,Didac Ribot,4720000,824813665,156,Comedy,2018,5.5,2.3636363636363638
299,Mrivis 874,4720000,7328002,1056,Comedy,2015,8.5,10.352941176470589
300,Abhishek Upmanyu,4700000,388300072,19,Comedy,2006,17.5,0.09047619047619047
301,Zoio Do dia,4700000,281192431,310,Comedy,2015,8.5,3.0392156862745097
302,Room Factory,4680000,1452030087,443,Comedy,2009,14.5,2.545977011494253
303,Ø¨ÙÙØ¨Ø§Ø³ØªÙ,4670000,529115359,194,Comedy,2016,7.5,2.1555555555555554
304,Jin and Hattie,4670000,2845964960,621,Comedy,2020,3.5,14.785714285714285
305,Biel GEN TV,4670000,1581893826,1523,Comedy,2020,3.5,36.261904761904766
306,Rich Black Guy,4670000,1388844872,109,Comedy,2018,5.5,1.6515151515151514
307,SEALOOK Official,4640000,714026256,179,Comedy,2022,1.5,9.944444444444445
308,10ocupados,4640000,700492195,708,Comedy,2013,10.5,5.6190476190476195
309,RianTV,4610000,528552797,589,Comedy,2015,8.5,5.7745098039215685
310,Canal Desconfinados,4610000,1075086493,445,Comedy,2013,10.5,3.5317460317460316
311,Mary Senn,4600000,1024589114,730,Comedy,2012,11.5,5.2898550724637685
312,Backdoor,4600000,756319006,701,Comedy,2019,4.5,12.981481481481481
313,Esttik,4590000,656041901,612,Comedy,2013,10.5,4.857142857142857
314,Kentang_bayi,4590000,3511082068,635,Comedy,2021,2.5,21.166666666666668
315,Jexs,4560000,716629781,187,Comedy,2016,7.5,2.077777777777778
316,Element Animation,4540000,1415372065,157,Comedy,2010,13.5,0.9691358024691358
317,MBC IRAQ,4540000,2591399752,30771,Comedy,2018,5.5,466.22727272727275
318,Ð§Ð¾ÑÐºÐ¸Ð¹ ÐÐ°ÑÐ°,4530000,789357996,296,Comedy,2014,9.5,2.5964912280701755
319,Yulay,4520000,957508162,604,Comedy,2013,10.5,4.7936507936507935
320,Be YouNick,4490000,863299954,283,Comedy,2014,9.5,2.482456140350877
321,Tanmay Bhat,4490000,1289892297,923,Comedy,2006,17.5,4.395238095238095
322,Anubhav Singh Bassi,4490000,310729597,8,Comedy,2016,7.5,0.08888888888888889
323,Trend Central,4480000,939534964,321,Comedy,2016,7.5,3.5666666666666664
324,YangiKulgu Official,4480000,2026680593,6488,Comedy,2013,10.5,51.492063492063494
325,Late Night with Seth Meyers,4480000,3025895362,4626,Comedy,2013,10.5,36.714285714285715
326,Edu Primitivo,4450000,494728597,432,Comedy,2012,11.5,3.130434782608696
327,PedritoVM,4440000,757070681,478,Comedy,2011,12.5,3.186666666666667
328,Punjab Kesari TV,4440000,1360184082,95159,Comedy,2013,10.5,755.2301587301587
329,JZB Studio,4430000,555595028,466,Comedy,2011,12.5,3.106666666666667
330,Donut Operator,4420000,1254290349,897,Comedy,2016,7.5,9.966666666666667
331,Sobrevilla,4410000,405490837,343,Comedy,2015,8.5,3.3627450980392157
332,Ram Audio,4390000,1853314553,2630,Comedy,2011,12.5,17.533333333333335
333,Vitor Orth,4380000,2884335145,976,Comedy,2016,7.5,10.844444444444443
334,Ð®ÐÐÐ  ICTV - ÐÑÐ¸ÑÐ¸Ð°Ð»ÑÐ½ÑÐ¹ ÐºÐ°Ð½Ð°Ð»,4380000,2792451470,5765,Comedy,2013,10.5,45.75396825396825
335,Oye It's Prank,4370000,499324353,556,Comedy,2016,7.5,6.177777777777778
336,Luiza Parente,4370000,313743282,528,Comedy,2017,6.5,6.769230769230769
337,CartoonHooligans,4330000,1382760532,144,Comedy,2013,10.5,1.1428571428571428
338,MysticGotJokes,4330000,1314586456,677,Comedy,2011,12.5,4.513333333333333
339,Funny Vines,4330000,622416854,895,Comedy,2013,10.5,7.103174603174604
340,OmarGoshTV,4320000,716142232,664,Comedy,2011,12.5,4.426666666666667
341,Samreen Ali,4320000,1207388963,612,Comedy,2016,7.5,6.8
342,RED21,4290000,1073122000,1363,Comedy,2012,11.5,9.876811594202898
343,Mauricio Meirelles,4280000,746181921,1508,Comedy,2007,16.5,7.616161616161616
344,Jeff Dunham,4270000,1168213198,567,Comedy,2006,17.5,2.6999999999999997
345,Haminations,4270000,701294309,48,Comedy,2017,6.5,0.6153846153846154
346,Yosoyjuaan Oficial,4250000,2692550177,878,Comedy,2016,7.5,9.755555555555555
347,DailyPicksandFlicks,4250000,3294147410,5494,Comedy,2012,11.5,39.811594202898554
348,Vanessa Mendes,4240000,815961640,642,Comedy,2011,12.5,4.28
349,Just Pranks,4240000,503060,75,Comedy,2012,11.5,0.5434782608695652
350,TerminalMontage,4220000,1078580439,144,Comedy,2009,14.5,0.8275862068965517
351,Tukomi,4210000,371868492,303,Comedy,2017,6.5,3.8846153846153846
352,Buttered Side Down,4200000,2046704035,84,Comedy,2017,6.5,1.0769230769230769
353,whatever,4190000,978606224,271,Comedy,2005,18.5,1.2207207207207207
354,Nazar Battu,4180000,581478447,208,Comedy,2015,8.5,2.0392156862745097
355,MoreWolfie,4140000,668570622,868,Comedy,2016,7.5,9.644444444444444
356,Daniel Thrasher,4120000,861954876,277,Comedy,2007,16.5,1.398989898989899
357,Mustafa Jamal ÙØµØ·ÙÙ Ø¬ÙØ§Ù,4110000,401311061,143,Comedy,2017,6.5,1.8333333333333333
358,Ø§ÙÙÙØ§ÙÙ Ø´Ù - Elhilaly Show,4100000,229606841,300,Comedy,2017,6.5,3.8461538461538463
359,IgÃ£o Underground,4100000,309384800,296,Comedy,2015,8.5,2.9019607843137254
360,We r Loser,4090000,2867108186,580,Comedy,2020,3.5,13.80952380952381
361,AMIGOS FOREVER! Arabic,4090000,2722100604,774,Comedy,2020,3.5,18.428571428571427
362,Hindi Movies,4070000,1154065955,1044,Comedy,2016,7.5,11.6
363,Stand Up Kompas TV,4070000,2114855072,5791,Comedy,2016,7.5,64.34444444444445
364,Lenarr Young,4060000,551860370,342,Comedy,2014,9.5,3.0
365,Trevor Wallace,4060000,1263600475,553,Comedy,2011,12.5,3.686666666666667
366,Piemations,4060000,1031955018,122,Comedy,2012,11.5,0.8840579710144927
367,Ð¡ÑÑÐ´Ð¸Ñ ÐÐ²Ð°ÑÑÐ°Ð» 95 Online,4050000,2415070493,4444,Comedy,2013,10.5,35.26984126984127
368,Lopers e Rafael,4030000,1759169726,2128,Comedy,2018,5.5,32.24242424242424
369,Ãok GÃ¼zel Hareketler,4030000,5660631394,2597,Comedy,2014,9.5,22.780701754385962
370,Young Swagon,4020000,552897381,75,Comedy,2012,11.5,0.5434782608695652
371,Drew Gooden,4010000,764223276,144,Comedy,2015,8.5,1.411764705882353
372,Phim HÃ i Hay - Phim HÃ i Viá»t,4000000,1865632820,2590,Comedy,2016,7.5,28.777777777777775
373,Le Monde Ã  L'Envers,3980000,894350916,197,Comedy,2014,9.5,1.7280701754385965
374,Internet Historian,3980000,427945401,41,Comedy,2017,6.5,0.5256410256410257
375,Palmashow,3980000,2356358192,331,Comedy,2006,17.5,1.5761904761904761
376,iamdaud.14,3940000,787801882,334,Comedy,2017,6.5,4.282051282051282
377,Maicon KÃ¼ster,3940000,1242711807,1425,Comedy,2014,9.5,12.5
378,Munawar Faruqui,3940000,301441379,54,Comedy,2010,13.5,0.3333333333333333
379,Pierre Croce,3930000,1401737928,840,Comedy,2012,11.5,6.08695652173913
380,Victor Melo,3930000,1519466629,1234,Comedy,2014,9.5,10.824561403508772
381,Casually Explained,3920000,438529122,83,Comedy,2015,8.5,0.8137254901960785
382,PrankInvasion,3910592,341554975,33,Comedy,2012,11.5,0.23913043478260868
383,TeamFourStar,3910000,1922909873,501,Comedy,2008,15.5,2.693548387096774
384,Dhiru Monchik,3900000,530807434,326,Comedy,2016,7.5,3.6222222222222222
385,AmazingPhil,3890000,666764384,340,Comedy,2006,17.5,1.6190476190476188
386,Oppa Thuchy,3880000,771958177,780,Comedy,2017,6.5,10.0
387,Akash Sagar,3870000,4011241988,749,Comedy,2017,6.5,9.602564102564102
388,The Bong Guy,3870000,284257056,69,Comedy,2015,8.5,0.676470588235294
389,Baraka lBaraka,3860000,1478413067,323,Comedy,2013,10.5,2.5634920634920637
390,La FÃªnix,3860000,290971620,591,Comedy,2010,13.5,3.6481481481481484
391,OLIDA  Vlogs and Vines,3820000,1189968574,380,Comedy,2021,2.5,12.666666666666666
392,Spooki,3810000,317350218,578,Comedy,2013,10.5,4.587301587301588
393,David The Baker,3800000,1028976564,97,Comedy,2012,11.5,0.7028985507246377
394,Rubenete,3790000,2748230991,2058,Comedy,2015,8.5,20.176470588235293
395,Lucas Vlogs,3780000,217810016,368,Comedy,2015,8.5,3.607843137254902
396,LE GRAND JD,3780000,486209318,358,Comedy,2009,14.5,2.057471264367816
397,Aakash Gupta,3770000,351924555,34,Comedy,2016,7.5,0.37777777777777777
398,Dorkly,3770000,2042050583,942,Comedy,2007,16.5,4.757575757575758
399,ElSmosh,3770000,1047816656,605,Comedy,2011,12.5,4.033333333333333
400,GradeAUnderA,3770000,553451643,106,Comedy,2013,10.5,0.8412698412698413
401,4 AMIGOS STAND UP COMEDY,3770000,551114637,404,Comedy,2014,9.5,3.543859649122807
402,Yong Ye,3760000,2555339338,1132,Comedy,2016,7.5,12.577777777777778
403,ÙÙÙØ¯ Ø§ÙØºØ§Ø¨Ø±,3750000,1043237405,65,Comedy,2016,7.5,0.7222222222222222
404,TFIL,3750000,727132359,506,Comedy,2011,12.5,3.373333333333333
405,Daniel Saavedra,3740000,488451437,393,Comedy,2015,8.5,3.8529411764705883
406,Barbixas,3740000,1251889186,1116,Comedy,2007,16.5,5.636363636363637
407,YouTubers Sing,3730000,711492238,251,Comedy,2017,6.5,3.2179487179487176
408,UnusualVideos,3730000,262342805,36,Comedy,2018,5.5,0.5454545454545455
409,Jordy Escoto,3720000,1296767849,210,Comedy,2013,10.5,1.6666666666666667
410,Freshtorge,3710000,1619898044,899,Comedy,2009,14.5,5.166666666666667
411,Gaming Tamizhan,3710000,484772596,1431,Comedy,2019,4.5,26.5
412,JR,3700000,979398211,919,Comedy,2014,9.5,8.06140350877193
413,Manish saini,3670000,1180745422,561,Comedy,2019,4.5,10.38888888888889
414,Jonatan Santos,3660000,952110020,3779,Comedy,2014,9.5,33.14912280701754
415,Funcho,3660000,903738209,248,Comedy,2017,6.5,3.1794871794871793
416,Eruma Saani,3660000,415628562,157,Comedy,2017,6.5,2.0128205128205128
417,courtreezy,3660000,335932829,115,Comedy,2016,7.5,1.277777777777778
418,Funny Or Die,3640000,1450614023,4236,Comedy,2007,16.5,21.393939393939394
419,Trevor Noah,3640000,277585329,67,Comedy,2006,17.5,0.3190476190476191
420,O (sur)real mundo de Any Malu,3630000,434779772,178,Comedy,2015,8.5,1.7450980392156863
421,Carreraaa,3620000,541194780,349,Comedy,2015,8.5,3.4215686274509807
422,Sergio Jurado,3620000,1277162084,601,Comedy,2016,7.5,6.677777777777778
423,RM Videos,3620000,3352639981,40920,Comedy,2014,9.5,358.94736842105266
424,Nitin Narware,3610000,1046144030,173,Comedy,2020,3.5,4.1190476190476195
425,BeÅiktaÅ KÃ¼ltÃ¼r Merkezi (BKM),3600000,4537729773,5986,Comedy,2011,12.5,39.906666666666666
426,Jeremy Nadeau,3600000,488025146,118,Comedy,2011,12.5,0.7866666666666666
427,Mario Ruiz,3600000,145721038,126,Comedy,2013,10.5,1.0
428,ÙØ§Ø¬Ù Ø§ÙÙØ§Ù,3590000,388618700,148,Comedy,2016,7.5,1.6444444444444446
429,Claro the Third,3590000,185611016,932,Comedy,2009,14.5,5.356321839080461
430,La La Vida,3580000,1292379387,457,Comedy,2020,3.5,10.880952380952381
431,NateGotKeys,3580000,426022263,591,Comedy,2014,9.5,5.184210526315789
432,Eugenio Derbez,3570000,399013208,329,Comedy,2014,9.5,2.8859649122807016
433,DavidParody,3560000,724526399,863,Comedy,2009,14.5,4.959770114942528
434,Studio Bagel,3560000,985008993,614,Comedy,2012,11.5,4.449275362318841
435,Mr. Clabik,3550000,3748637032,576,Comedy,2022,1.5,32.0
436,Jessii Vee,3540000,963316058,1450,Comedy,2014,9.5,12.719298245614034
437,BROO'S TV,3540000,573816372,278,Comedy,2015,8.5,2.725490196078431
438,Le Woop,3540000,704526275,184,Comedy,2014,9.5,1.6140350877192982
439,Super Comedia,3530000,699195792,965,Comedy,2018,5.5,14.621212121212123
440,Facia ÃÃ§lÃ¼,3530000,1330322296,163,Comedy,2015,8.5,1.5980392156862744
441,boburnham,3530000,791513918,35,Comedy,2006,17.5,0.16666666666666666
442,Goodland Short,3530000,2966823273,1056,Comedy,2022,1.5,58.666666666666664
443,ØµØ§Ø­Ù Sa7i,3510000,834854749,1053,Comedy,2012,11.5,7.630434782608695
444,Chattambees,3510000,2573193011,540,Comedy,2020,3.5,12.857142857142856
445,ÐÐ¸Ð·ÐµÐ»Ñ Ð¡ÑÑÐ´Ð¸Ð¾,3510000,1753312656,2286,Comedy,2008,15.5,12.29032258064516
446,Ø§ÙØ¯ÙØªÙØ± Ø³ÙÙ Ø¬ÙØ§Ù dr.Saifjanan,3480000,225050490,706,Comedy,2014,9.5,6.19298245614035
447,å¹³æãã©ãã³ã´,3480000,1291463764,591,Comedy,2020,3.5,14.071428571428571
448,Cauet,3460000,1891543245,4545,Comedy,2009,14.5,26.120689655172413
449,Golden Moustache (M6),3460000,1056858573,331,Comedy,2012,11.5,2.398550724637681
450,Silver Lari,3450000,195724828,312,Comedy,2016,7.5,3.466666666666667
451,æ¡å´æ äº.ããããããã,3440000,3408872423,1003,Comedy,2013,10.5,7.96031746031746
452,ANDY,3440000,455177257,57,Comedy,2013,10.5,0.4523809523809524
453,Jenn McAllister,3440000,382785673,440,Comedy,2009,14.5,2.528735632183908
454,Kristen Hanby,3420000,665104520,395,Comedy,2011,12.5,2.6333333333333333
455,SUPEReeeGO,3420000,750983216,358,Comedy,2008,15.5,1.924731182795699
456,Phim HÃ i - BÃ¬nh Minh Film,3410000,2024757933,857,Comedy,2015,8.5,8.401960784313726
457,MC NEGÃO DA BL,3410000,346233522,248,Comedy,2019,4.5,4.592592592592593
458,Deny Montana,3410000,1297698514,561,Comedy,2009,14.5,3.2241379310344827
459,LifeAccordingToJimmy,3400000,728945999,275,Comedy,2011,12.5,1.8333333333333333
460,ØªÙÙØ§Ø²Ù¡Ù¡,3400000,648469415,292,Comedy,2011,12.5,1.9466666666666665
461,Flashgitz,3400000,642486422,140,Comedy,2011,12.5,0.9333333333333332
462,ÐÐ°Ð½Ð¸Ð»Ð° ÐÐ¾Ð¿ÐµÑÐµÑÐ½ÑÐ¹,3390000,533758506,296,Comedy,2009,14.5,1.7011494252873565
463,Uniduni T,3390000,340505018,73,Comedy,2018,5.5,1.1060606060606062
464,Nitesh Comedian143,3380000,1618914172,236,Comedy,2021,2.5,7.866666666666667
465,softpomz,3380000,732233135,723,Comedy,2007,16.5,3.651515151515152
466,SebutSaja Dayat,3380000,2179347228,356,Comedy,2015,8.5,3.4901960784313726
467,Morgz Mum,3380000,373100219,104,Comedy,2017,6.5,1.3333333333333333
468,We Are One,3360000,725481017,108,Comedy,2012,11.5,0.782608695652174
469,Brenda Bauer,3360000,760494538,720,Comedy,2016,7.5,8.0
470,theDOMINICshow,3350000,477798482,208,Comedy,2010,13.5,1.2839506172839505
471,JOLLY,3350000,895080076,624,Comedy,2015,8.5,6.117647058823529
472,Planeta Novo,3350000,467529314,1277,Comedy,2016,7.5,14.18888888888889
473,TelevisiÃ³n PÃºblica,3350000,1472853635,135104,Comedy,2009,14.5,776.4597701149424
474,Juan De Montreal - Asia Fan,3340000,2342514961,4760,Comedy,2021,2.5,158.66666666666666
475,Surana Film Studio,3330000,1237038652,808,Comedy,2018,5.5,12.242424242424242
476,PASULOL,3320000,515245514,52,Comedy,2013,10.5,0.41269841269841273
477,Tessa Brooks,3320000,308864084,205,Comedy,2011,12.5,1.3666666666666665
478,Jagriti Pahwa,3320000,1985471487,340,Comedy,2012,11.5,2.463768115942029
479,Ashwin Yadav Shorts,3310000,832721580,147,Comedy,2020,3.5,3.5
480,Joker Is ME,3310000,1035212170,119,Comedy,2015,8.5,1.1666666666666667
481,Les Parodie Bros,3310000,935628559,332,Comedy,2014,9.5,2.9122807017543857
482,Louix,3310000,1615005350,763,Comedy,2021,2.5,25.433333333333334
483,Tongtang Family TV,3310000,741198306,935,Comedy,2012,11.5,6.775362318840579
484,KingBach,3300000,616333349,470,Comedy,2012,11.5,3.4057971014492754
485,Colleen Vlogs,3290000,900881036,1538,Comedy,2014,9.5,13.491228070175438
486,superwog1,3290000,452507946,66,Comedy,2008,15.5,0.3548387096774193
487,MEM,3290000,419768349,116,Comedy,2009,14.5,0.6666666666666666
488,JStuStudios,3280000,596440060,364,Comedy,2011,12.5,2.4266666666666667
489,Ø§Ø­ÙØ¯ Ø´Ø±ÙÙ Ahmed Sharif,3280000,428835369,29,Comedy,2015,8.5,0.28431372549019607
490,RKworld,3270000,2290543063,310,Comedy,2020,3.5,7.3809523809523805
491,Lolywood,3270000,1181817828,352,Comedy,2015,8.5,3.450980392156863
492,Bentellect,3270000,4193338860,1992,Comedy,2012,11.5,14.43478260869565
493,Garrett Watts,3260000,156909361,71,Comedy,2012,11.5,0.5144927536231884
494,youtwoTV,3250000,1396059025,417,Comedy,2016,7.5,4.633333333333334
495,ParulVeer official,3240000,1444159631,776,Comedy,2021,2.5,25.866666666666664
496,Daksh Gandhi,3240000,507882481,4879,Comedy,2014,9.5,42.79824561403509
497,AndrosLB,3240000,393962257,355,Comedy,2013,10.5,2.8174603174603177
498,Sunny Kumar Rana,3227017,818903141,67,Comedy,2013,10.5,0.5317460317460317
499,Mundo Canibal,3220000,760048,2,Comedy,2011,12.5,0.013333333333333334
500,Baap Of Bakchod,3200000,490910053,374,Comedy,2015,8.5,3.6666666666666665
501,TrÃ© Melvin,3200000,350340604,239,Comedy,2011,12.5,1.5933333333333335
502,EmKay,3180000,2338708955,2703,Comedy,2019,4.5,50.05555555555555
503,Depois das Onze,3170000,651088696,670,Comedy,2013,10.5,5.317460317460317
504,Kitboga,3170000,527723537,494,Comedy,2017,6.5,6.333333333333333
505,Lido,3170000,549897495,1213,Comedy,2012,11.5,8.789855072463768
506,Ø¹Ø¨Ø§Ø¯Ø© Ø®ÙØ± Ø§ÙØ¯ÙÙ Obada Sykh,3160000,711393538,278,Comedy,2016,7.5,3.088888888888889
507,Anes Tina,3160000,328842306,159,Comedy,2011,12.5,1.06
508,Khandesh Zone,3150000,1236171210,125,Comedy,2019,4.5,2.314814814814815
509,ÐÑÐ°ÑÐ°Ð²Ð¸ÑÐ° Ð¸ Ð§ÑÐ´Ð¾Ð²Ð¸ÑÐµ ÐÐ¤ÐÐ¦ÐÐÐÐ¬ÐÐ«Ð ÐÐÐÐÐ,3120000,846299843,591,Comedy,2016,7.5,6.566666666666666
510,Carl Crusher,3110000,983810978,770,Comedy,2006,17.5,3.6666666666666665
511,Itakimo Bali,3100000,2377706533,352,Comedy,2020,3.5,8.380952380952381
512,Shane Nagy,3100000,3215202692,4229,Comedy,2008,15.5,22.736559139784944
513,jorjais,3090000,815198217,524,Comedy,2013,10.5,4.158730158730159
514,N / A,3090000,0,0,Comedy,2016,7.5,0.0
515,Jeff Wittek,3090000,345097855,135,Comedy,2011,12.5,0.9
516,Life Doodles short,3090000,3032087646,1157,Comedy,2022,1.5,64.27777777777779
517,La Resistencia por Movistar Plus+,3090000,1995566428,2110,Comedy,2018,5.5,31.96969696969697
518,WOKO CHANNEL,3080000,826437439,203,Comedy,2016,7.5,2.2555555555555555
519,brewstewfilms,3080000,1095436202,174,Comedy,2013,10.5,1.3809523809523812
520,SEPL Vintage,3080000,922646868,10724,Comedy,2013,10.5,85.11111111111111
521,saiko,3080000,198931456,30,Comedy,2013,10.5,0.2380952380952381
522,Bayu Skak,3080000,261669342,256,Comedy,2010,13.5,1.5802469135802468
523,Roy Purdy,3080000,261392851,77,Comedy,2012,11.5,0.5579710144927537
524,GÃ¼ldÃ¼r GÃ¼ldÃ¼r,3080000,3709093550,3802,Comedy,2013,10.5,30.174603174603174
525,Gus Johnson,3070000,972581688,736,Comedy,2010,13.5,4.54320987654321
526,Jason Nash,3050000,680988891,953,Comedy,2013,10.5,7.563492063492063
527,Yeol Ayres D.A.,3040000,1068622212,423,Comedy,2020,3.5,10.071428571428571
528,Maria Becerra,3040000,158981562,49,Comedy,2015,8.5,0.4803921568627451
529,RAMER à¸¥à¸°à¹à¸¡à¸­,3040000,510310409,777,Comedy,2014,9.5,6.81578947368421
530,Bruna Louise,3030000,273108156,300,Comedy,2012,11.5,2.1739130434782608
531,Lewis Howes,3030000,350683540,1411,Comedy,2006,17.5,6.719047619047619
532,Dumb TV,3030000,389865412,374,Comedy,2018,5.5,5.666666666666667
533,Escardi Fandubs,3020000,977889724,1285,Comedy,2012,11.5,9.31159420289855
534,Bagi Bagi Shorts,3020000,2190020093,2384,Comedy,2019,4.5,44.14814814814815
535,Rakamakafo,3020000,420522195,96,Comedy,2014,9.5,0.8421052631578947
536,Omco,3010000,1832388762,360,Comedy,2009,14.5,2.0689655172413794
537,Dumb Genius,3010000,17624113,30,Comedy,2013,10.5,0.2380952380952381
538,O Alto Falante,3000000,1113846519,1040,Comedy,2015,8.5,10.19607843137255
539,Beby,3000000,709628834,453,Comedy,2015,8.5,4.4411764705882355
540,Ricky Dillon,2990000,389663746,481,Comedy,2009,14.5,2.7643678160919536
541,QuePariÃ³!,2980000,818955475,959,Comedy,2011,12.5,6.3933333333333335
542,Tripti Verma,2980000,1310237739,459,Comedy,2021,2.5,15.299999999999999
543,maxmoefoe,2980000,298211661,144,Comedy,2007,16.5,0.7272727272727272
544,SamSpedy,2980000,1023804343,290,Comedy,2012,11.5,2.101449275362319
545,Kan Atthakorn,2980000,624554998,327,Comedy,2014,9.5,2.8684210526315788
546,æ±æµ·ãªã³ã¨ã¢ã®æ§ãå®¤,2980000,2780055967,2221,Comedy,2014,9.5,19.482456140350877
547,N&A productions,2970000,480954526,729,Comedy,2016,7.5,8.1
548,Arnaldo Mangini,2970000,3248273344,1753,Comedy,2007,16.5,8.853535353535355
549,The Warp Zone,2960000,1079943245,814,Comedy,2007,16.5,4.111111111111112
550,Colby Brock,2960000,332339707,226,Comedy,2016,7.5,2.511111111111111
551,Arcade Chick,2960000,626793583,504,Comedy,2016,7.5,5.6000000000000005
552,Dai HernÃ¡ndez,2950000,373043107,388,Comedy,2008,15.5,2.086021505376344
553,Poppy,2950000,608913469,448,Comedy,2011,12.5,2.986666666666667
554,NoNosCortes,2930000,421293070,451,Comedy,2014,9.5,3.956140350877193
555,memes by cowbelly,2930000,1875622174,1411,Comedy,2019,4.5,26.12962962962963
556,The Paayal Jain,2930000,641221718,53,Comedy,2020,3.5,1.2619047619047619
557,TÃ´ Solto,2910000,192637308,127,Comedy,2011,12.5,0.8466666666666667
558,Million Jamoasi â¢,2890000,879695767,185,Comedy,2014,9.5,1.6228070175438596
559,Benshorts,2880000,395641673,1299,Comedy,2008,15.5,6.983870967741936
560,El Argentino,2880000,734584108,686,Comedy,2020,3.5,16.333333333333332
561,StudioFalcony,2880000,468109175,1370,Comedy,2010,13.5,8.45679012345679
562,Adolfo Lora,2880000,379150021,638,Comedy,2012,11.5,4.6231884057971016
563,Seguime Ahora,2870000,2249085406,2455,Comedy,2013,10.5,19.484126984126984
564,Gabriel Gomes,2870000,150702244,151,Comedy,2013,10.5,1.1984126984126984
565,Jordindian,2870000,663912240,206,Comedy,2016,7.5,2.2888888888888888
566,iDubbbzTV2,2870000,150843431,52,Comedy,2015,8.5,0.5098039215686274
567,Ø¯ÙÙØ§ Ø¹Ø²ÙØ²,2860000,496054316,207,Comedy,2015,8.5,2.0294117647058822
568,MrAntoineDaniel,2860000,366218004,79,Comedy,2012,11.5,0.572463768115942
569,CHAISORO,2850000,1186335280,623,Comedy,2013,10.5,4.944444444444445
570,Hero DW,2850000,1096511169,713,Comedy,2013,10.5,5.658730158730158
571,Carolinne Silver,2850000,73144909,190,Comedy,2011,12.5,1.2666666666666666
572,Anna Akana,2840000,354737994,457,Comedy,2011,12.5,3.046666666666667
573,Free Time,2840000,260252658,235,Comedy,2014,9.5,2.06140350877193
574,Les Kassos,2830000,799040814,155,Comedy,2013,10.5,1.2301587301587302
575,Gonzaa Fonseca,2830000,214478349,158,Comedy,2010,13.5,0.9753086419753086
576,Ahmad Massad,2830000,382127638,701,Comedy,2011,12.5,4.673333333333333
577,Andrei Terbea,2830000,332234095,166,Comedy,2013,10.5,1.3174603174603174
578,Are U Super Cereal,2820000,598655380,303,Comedy,2013,10.5,2.4047619047619047
579,ÐÑÐ·ÑÐ¼Ð°,2820000,729197407,916,Comedy,2012,11.5,6.63768115942029
580,Ice Cream Sandwich,2820000,223058813,39,Comedy,2016,7.5,0.43333333333333335
581,Horchata Soto,2810000,2045279210,617,Comedy,2014,9.5,5.412280701754386
582,Mauro Nakada,2810000,147948892,231,Comedy,2012,11.5,1.6739130434782608
583,Ø§ÙØ³ÙØ³Ø­ - xms77,2810000,242559190,198,Comedy,2014,9.5,1.7368421052631577
584,TLOOLE,2810000,288986707,279,Comedy,2013,10.5,2.2142857142857144
585,Cold Ones,2790000,340168083,106,Comedy,2011,12.5,0.7066666666666667
586,Taarak Mehta Ka Ooltah Chashmah Episodes,2790000,4530237103,8548,Comedy,2020,3.5,203.52380952380952
587,everett,2780000,848529473,127,Comedy,2013,10.5,1.007936507936508
588,Ð§Ð¸ÐºÐµÐ½ ÐÐ°ÑÑÐ¸,2780000,654679131,115,Comedy,2017,6.5,1.4743589743589745
589,Urdu Cover,2780000,290691268,1226,Comedy,2011,12.5,8.173333333333334
590,DJ Akademiks,2780000,1367852765,3152,Comedy,2015,8.5,30.901960784313726
591,Los destrampados OFICIAL,2770000,903173480,1011,Comedy,2012,11.5,7.326086956521739
592,Ø³Ø§ÙØ± Ø¬ÙØ±ÙÙÙ 1SMG1,2770000,91096076,53,Comedy,2011,12.5,0.35333333333333333
593,WILSON SINAI,2770000,3828676607,472,Comedy,2015,8.5,4.627450980392157
594,The Andrew Schulz,2750000,592396984,733,Comedy,2009,14.5,4.212643678160919
595,Cracked,2750000,871925213,2017,Comedy,2006,17.5,9.604761904761904
596,TÐ¸Ð¼ Ð¢Ð¸Ð¼,2740000,723989079,196,Comedy,2014,9.5,1.719298245614035
597,Lusquinha,2740000,89288453,53,Comedy,2016,7.5,0.5888888888888889
598,ìì¹´ìë,2740000,756305824,1446,Comedy,2015,8.5,14.176470588235295
599,Pä¸¸æ§ã,2740000,2465278384,916,Comedy,2016,7.5,10.177777777777779
600,Rich Ferguson,2740000,448376373,642,Comedy,2006,17.5,3.057142857142857
601,Bhajano Ki Mala,2740000,328419237,503,Comedy,2013,10.5,3.992063492063492
602,Hassjack,2740000,915314194,320,Comedy,2017,6.5,4.102564102564103
603,Studio C,2730000,2663396517,1611,Comedy,2008,15.5,8.661290322580646
604,Break,2730000,0,0,Comedy,2005,18.5,0.0
605,ComedyOn,2720000,539360365,689,Comedy,2014,9.5,6.043859649122807
606,Ø²ÙØ§Ø¯ ÙØ±ÙÙ - Ziad Karim,2720000,660820487,290,Comedy,2017,6.5,3.7179487179487176
607,Danny Casale,2720000,285233422,346,Comedy,2008,15.5,1.860215053763441
608,im_siowei,2720000,2521565714,360,Comedy,2022,1.5,20.0
609,Daniel Baki,2710000,234867390,415,Comedy,2014,9.5,3.6403508771929824
610,South America Memes,2700000,519280046,1644,Comedy,2016,7.5,18.266666666666666
611,Thee BlackBadger,2690000,938291221,468,Comedy,2018,5.5,7.090909090909091
612,TheOdd2sOut,2690000,143449098,33,Comedy,2017,6.5,0.4230769230769231
613,Scotty Sire,2690000,458604557,616,Comedy,2013,10.5,4.888888888888888
614,Neymagico,2680000,778133896,170,Comedy,2015,8.5,1.6666666666666667
615,Rachel Ballinger,2680000,789067226,1126,Comedy,2006,17.5,5.3619047619047615
616,ÙÙÙ ØªØ³ÙÙ ÙØ°Ø§ || Leh tesawe ketha,2680000,1701632515,573,Comedy,2013,10.5,4.5476190476190474
617,jony nakum143,2670000,1280802672,600,Comedy,2016,7.5,6.666666666666667
618,Ed Bassmaster,2670000,862117402,1061,Comedy,2006,17.5,5.052380952380952
619,exurb1a,2660000,193334661,80,Comedy,2012,11.5,0.5797101449275363
620,Ø¬Ø¹ÙØ± Ø³Ø±Ø§Ø¨ - Jafar Sarab,2650000,318211153,128,Comedy,2016,7.5,1.4222222222222223
621,Eleotan,2650000,637956136,691,Comedy,2007,16.5,3.4898989898989896
622,Gungun Chaudhary TBC,2640000,791931246,235,Comedy,2022,1.5,13.055555555555555
623,Rahaf Pro,2640000,181771132,202,Comedy,2017,6.5,2.58974358974359
624,ArtSpear Entertainment,2640000,586000852,236,Comedy,2010,13.5,1.4567901234567902
625,Psyched Substance,2630000,270958858,292,Comedy,2015,8.5,2.8627450980392157
626,Sam Golbach,2630000,320123557,263,Comedy,2016,7.5,2.9222222222222225
627,WIDLER SOLDIER,2630000,405657484,560,Comedy,2014,9.5,4.912280701754386
628,Browney,2630000,431551140,557,Comedy,2013,10.5,4.420634920634921
629,Dzjoker Chemsou,2630000,247685895,105,Comedy,2011,12.5,0.7000000000000001
630,Yazan Nobani,2620000,848076597,191,Comedy,2015,8.5,1.872549019607843
631,Buff Dudes,2620000,484318993,701,Comedy,2012,11.5,5.079710144927536
632,ÐÐ´Ð¼Ð¸Ð½ ÐÑÐ½Ð½,2610000,782914447,1000,Comedy,2016,7.5,11.111111111111112
633,WigglePop,2610000,830356776,155,Comedy,2016,7.5,1.7222222222222223
634,IrmÃ£os Piologo,2610000,425170432,2981,Comedy,2013,10.5,23.65873015873016
635,JulianSerrano7,2610000,198562154,129,Comedy,2011,12.5,0.86
636,ìë°ì¤,2610000,504949248,98,Comedy,2021,2.5,3.266666666666667
637,Los Tres Tristes Tigres,2600000,679134650,544,Comedy,2008,15.5,2.9247311827956985
638,Äáº­u Phá»ng TV,2600000,592616186,271,Comedy,2016,7.5,3.011111111111111
639,LOS MONTAÃEROS,2590000,1322146455,558,Comedy,2012,11.5,4.043478260869565
640,La Pereztroica,2580000,83476220,169,Comedy,2014,9.5,1.4824561403508774
641,Jessikatheprankster,2580000,303580614,746,Comedy,2017,6.5,9.564102564102564
642,comedoz,2580000,496646128,198,Comedy,2011,12.5,1.32
643,BitCell,2580000,515290041,1041,Comedy,2014,9.5,9.131578947368421
644,seeVi la,2580000,3135433307,3456,Comedy,2015,8.5,33.88235294117647
645,SocksReact,2570000,1145569656,566,Comedy,2021,2.5,18.866666666666667
646,Mementoe,2570000,1469455688,200,Comedy,2019,4.5,3.7037037037037037
647,Half Engineer,2570000,316350273,161,Comedy,2013,10.5,1.277777777777778
648,Juliano CoraÃ§Ã£o,2570000,1328048916,611,Comedy,2011,12.5,4.073333333333333
649,DENYZEE,2570000,587784892,261,Comedy,2016,7.5,2.9
650,Awkward Puppets,2570000,307788092,96,Comedy,2015,8.5,0.9411764705882354
651,THEODORT,2570000,195355967,164,Comedy,2013,10.5,1.3015873015873016
652,Matt & Bise,2560000,502640540,310,Comedy,2009,14.5,1.781609195402299
653,Hasley India,2560000,381724220,190,Comedy,2015,8.5,1.8627450980392155
654,La La Life Arabic,2560000,1339602368,429,Comedy,2020,3.5,10.214285714285714
655,Facundo,2540000,319207248,732,Comedy,2010,13.5,4.518518518518518
656,Canal DVC,2540000,167307550,155,Comedy,2012,11.5,1.1231884057971013
657,Ø§ÙØªÙØ³Ø§Ø­,2540000,311548614,148,Comedy,2012,11.5,1.0724637681159421
658,Joseph's Machines,2540000,1314364854,171,Comedy,2007,16.5,0.8636363636363636
659,Elena Zavidova,2530000,1201990368,1053,Comedy,2013,10.5,8.357142857142858
660,IrmÃ£os Rocha,2530000,163015724,249,Comedy,2014,9.5,2.1842105263157894
661,Majelis Lucu,2530000,186330922,636,Comedy,2017,6.5,8.153846153846153
662,Kevin Parry,2530000,1019329483,170,Comedy,2006,17.5,0.8095238095238094
663,NRS Rajasthani Music,2530000,647779329,554,Comedy,2017,6.5,7.102564102564102
664,BEKS BATTALION,2530000,293887293,378,Comedy,2020,3.5,9.0
665,BroScienceLife,2520000,462732603,169,Comedy,2012,11.5,1.2246376811594202
666,RAZE,2520000,367883194,1779,Comedy,2006,17.5,8.471428571428572
667,Diogo ParÃ³dias,2520000,590722100,1529,Comedy,2015,8.5,14.990196078431373
668,Christian DelGrosso,2520000,496998939,674,Comedy,2013,10.5,5.349206349206349
669,alyankovic,2520000,1220606028,138,Comedy,2006,17.5,0.6571428571428571
670,Micky Makeover,2520000,1784207149,711,Comedy,2016,7.5,7.8999999999999995
671,MR Bhojpuriya,2510000,635879952,738,Comedy,2017,6.5,9.461538461538462
672,Desi Banks,2510000,776905662,600,Comedy,2014,9.5,5.263157894736842
673,Kevin Tran L'Empereur,2510000,277995562,62,Comedy,2015,8.5,0.6078431372549019
674,Tio San,2500000,263378504,664,Comedy,2015,8.5,6.509803921568628
675,Vai LÃ¡ Sabido,2500000,182335038,790,Comedy,2013,10.5,6.26984126984127
676,julien solomita,2490000,253476351,269,Comedy,2012,11.5,1.9492753623188406
677,The Onion,2480000,1088540045,1735,Comedy,2006,17.5,8.261904761904761
678,FelipePires,2470000,623517670,632,Comedy,2014,9.5,5.543859649122807
679,Tio Orochi,2470000,222723053,322,Comedy,2013,10.5,2.555555555555556
680,Harold Benny,2460000,151931796,182,Comedy,2014,9.5,1.5964912280701755
681,Pamela Swing,2460000,143022721,411,Comedy,2014,9.5,3.6052631578947367
682,NICO VILLA,2460000,410841824,696,Comedy,2016,7.5,7.733333333333333
683,ibaf fabi,2460000,224733622,214,Comedy,2014,9.5,1.8771929824561404
684,Crazy Cherryboy,2450000,1582632633,491,Comedy,2019,4.5,9.092592592592593
685,Magic de Mati Spano en TIKTOK,2450000,1055276421,954,Comedy,2020,3.5,22.71428571428571
686,Tpindell,2450000,410689241,699,Comedy,2010,13.5,4.314814814814815
687,TheNitroZyniak,2450000,523675951,1576,Comedy,2013,10.5,12.507936507936508
688,Mohamad dimo ÙØ­ÙØ¯ Ø¯ÙÙÙ,2440000,982754855,2255,Comedy,2016,7.5,25.055555555555557
689,Ø¹ÙØ³Ù Ø§ÙÙÙÙØ´Ù,2440000,1125634265,390,Comedy,2010,13.5,2.4074074074074074
690,Gabriel Bartz,2440000,294138422,339,Comedy,2012,11.5,2.456521739130435
691,Javed hussain11,2430000,812558640,343,Comedy,2020,3.5,8.166666666666666
692,vinishow,2430000,224863202,333,Comedy,2015,8.5,3.2647058823529416
693,Dylantero Sin ImaginaciÃ³n,2430000,516934876,513,Comedy,2013,10.5,4.071428571428571
694,Drew Lynch,2420000,129937337,293,Comedy,2012,11.5,2.1231884057971016
695,HARDSTOP LUCAS,2420000,183700502,39,Comedy,2010,13.5,0.24074074074074073
696,Kong Pham,2420000,125428752,51,Comedy,2011,12.5,0.34
697,PÃ¢nico RetrÃ´,2420000,888581715,2681,Comedy,2015,8.5,26.284313725490197
698,Denny Cagur TV,2410000,261446967,541,Comedy,2017,6.5,6.935897435897435
699,MaximBady,2410000,252917025,487,Comedy,2012,11.5,3.528985507246377
700,ÐÐ¿Ð°ÑÐ½ÑÐ¹ ÐÐ°Ð½Ð°Ð»,2410000,146260551,122,Comedy,2015,8.5,1.196078431372549
701,The 85 South Comedy Show,2410000,666254486,1082,Comedy,2016,7.5,12.022222222222224
702,Top Channel Albania,2400000,6140408142,350443,Comedy,2011,12.5,2336.2866666666664
703,VeerParul Official,2390000,1111087591,711,Comedy,2022,1.5,39.5
704,Young Don Animations,2390000,80608859,35,Comedy,2015,8.5,0.34313725490196073
705,TheCrazyGorilla,2380000,1029218030,482,Comedy,2009,14.5,2.7701149425287355
706,Rao TV,2380000,279839114,157,Comedy,2012,11.5,1.1376811594202898
707,Ø³Ø§ÙÙ Ø¨Ù Ø³Ø¹ÙØ¯ð,2380000,0,0,Comedy,2013,10.5,0.0
708,Oimavih,2370000,996702342,576,Comedy,2021,2.5,19.2
709,Abyan Calief,2370000,1920074912,1941,Comedy,2018,5.5,29.40909090909091
710,La La LÃ¢ndia,2370000,898380612,419,Comedy,2020,3.5,9.976190476190476
711,Janoskians,2370000,276721470,182,Comedy,2011,12.5,1.2133333333333334
712,JackBelozerov,2370000,344003138,691,Comedy,2009,14.5,3.971264367816092
713,Comedy Central Stand-Up,2360000,1066810816,1967,Comedy,2018,5.5,29.8030303030303
714,AOneCool,2360000,783195877,739,Comedy,2016,7.5,8.21111111111111
715,Roznama Shows,2350000,1120981521,899,Comedy,2017,6.5,11.525641025641027
716,Rithu Rocks,2350000,240226119,36,Comedy,2017,6.5,0.4615384615384615
717,Whealth by Slaiman,2350000,574959700,284,Comedy,2014,9.5,2.491228070175439
718,Sothanaigal,2350000,258879292,168,Comedy,2018,5.5,2.5454545454545454
719,The Motor Mouth,2340000,551562507,229,Comedy,2015,8.5,2.2450980392156863
720,NILETTO,2340000,1357535492,249,Comedy,2015,8.5,2.441176470588235
721,Luke Korns,2340000,122363992,180,Comedy,2010,13.5,1.1111111111111112
722,Random Structure TV,2340000,289706181,407,Comedy,2009,14.5,2.339080459770115
723,Kassem G,2340000,21852119,77,Comedy,2006,17.5,0.3666666666666667
724,ã¿ã±ã¤ã­ç¿/ã©ãã¥ã©ãã¥,2340000,1522922086,2138,Comedy,2013,10.5,16.96825396825397
725,HARBATAH,2340000,622413168,1539,Comedy,2013,10.5,12.214285714285715
726,GUI POLÃMICO,2330000,836860318,690,Comedy,2019,4.5,12.777777777777779
727,Redmau,2330000,678695682,725,Comedy,2010,13.5,4.4753086419753085
728,MIGHTYDUCK,2330000,154935839,301,Comedy,2014,9.5,2.6403508771929824
729,The Japes,2330000,0,0,Comedy,2017,6.5,0.0
730,Scottecs,2330000,582213002,337,Comedy,2006,17.5,1.6047619047619046
731,Jakerton,2320000,1069013866,369,Comedy,2020,3.5,8.785714285714286
732,Plainrock124,2320000,688591471,328,Comedy,2011,12.5,2.1866666666666665
733,Ø§ÙØ­ÙØ§ÙØ©,2310000,1084960656,22925,Comedy,2017,6.5,293.9102564102564
734,ÐÐ¥,2300000,43488076,43,Comedy,2018,5.5,0.6515151515151515
735,Hunny Sharma,2300000,255052405,113,Comedy,2017,6.5,1.4487179487179487
736,Les Tutos,2300000,265811191,50,Comedy,2013,10.5,0.3968253968253968
737,Khalid Alnaimi Ø®Ø§ÙØ¯ Ø§ÙÙØ¹ÙÙÙ,2300000,410513136,464,Comedy,2016,7.5,5.155555555555556
738,Ð§Ð ÐÐÐÐ,2290000,315276846,179,Comedy,2017,6.5,2.294871794871795
739,Riccardo Dose,2290000,569686567,907,Comedy,2013,10.5,7.198412698412699
740,Hassan Khadair,2280000,1855456147,2838,Comedy,2011,12.5,18.919999999999998
741,TiparracoSA,2280000,500639762,763,Comedy,2012,11.5,5.528985507246376
742,Heath Hussar,2280000,282576632,222,Comedy,2012,11.5,1.608695652173913
743,Oddly Satisfying Therapy,2270000,808736963,200,Comedy,2017,6.5,2.5641025641025643
744,ì°½íê±°ë¦¬ë¸ëë°© streetkaraoke,2270000,351374462,1222,Comedy,2013,10.5,9.698412698412698
745,The Skorys,2270000,570189262,1369,Comedy,2012,11.5,9.920289855072463
746,Vitor Fernandes,2270000,1700473655,116,Comedy,2017,6.5,1.4871794871794872
747,With Khaled,2270000,589976797,975,Comedy,2014,9.5,8.552631578947368
748,REDA EL WAHABI,2260000,92071977,54,Comedy,2015,8.5,0.5294117647058824
749,Hulu,2260000,720391143,2464,Comedy,2008,15.5,13.24731182795699
750,ððð§ ðð¨ð«ð¨ð«ð¨ðð,2260000,300973995,673,Comedy,2010,13.5,4.154320987654321
751,Firoz Chaudhary,2250000,620669378,367,Comedy,2013,10.5,2.9126984126984126
752,Ricardo PÃ©rez,2250000,495184548,595,Comedy,2006,17.5,2.8333333333333335
753,Nashaz Production,2250000,576888026,176,Comedy,2013,10.5,1.396825396825397
754,Nicolas Arrieta,2240000,146376583,253,Comedy,2008,15.5,1.360215053763441
755,Steven Schapiro,2240000,795113677,555,Comedy,2016,7.5,6.166666666666667
756,Cherdleys,2230000,484615910,454,Comedy,2015,8.5,4.450980392156863
757,MoluscoTV,2230000,442361264,2980,Comedy,2011,12.5,19.866666666666667
758,Andynsaane,2230000,251252315,319,Comedy,2011,12.5,2.1266666666666665
759,RIX,2220000,108301377,129,Comedy,2013,10.5,1.023809523809524
760,ÐÐ»Ð°Ð´Ð¸Ð¼Ð¸Ñ Ð¡Ð¾Ð»Ð¾Ð´ÐºÐ¾Ð²,2220000,906224211,400,Comedy,2016,7.5,4.444444444444445
761,MyHarto,2220000,336813009,720,Comedy,2009,14.5,4.137931034482759
762,Kenny Sebastian,2220000,315110369,316,Comedy,2007,16.5,1.595959595959596
763,Vini Theophilo,2210000,837725412,376,Comedy,2011,12.5,2.5066666666666664
764,Churchill Television,2210000,684835475,4819,Comedy,2013,10.5,38.24603174603175
765,Balchhi Dhurbe,2200000,709308461,347,Comedy,2016,7.5,3.8555555555555556
766,Nux Taku,2200000,326970532,706,Comedy,2014,9.5,6.19298245614035
767,Hayrettin,2200000,416048268,459,Comedy,2006,17.5,2.1857142857142855
768,Josh Richards,2200000,265427774,304,Comedy,2017,6.5,3.8974358974358974
769,Gustavo Lazaro,2190000,322097590,997,Comedy,2010,13.5,6.15432098765432
770,Familia Recocha,2190000,665054553,258,Comedy,2015,8.5,2.5294117647058822
771,Oolfat,2190000,1464560808,210,Comedy,2013,10.5,1.6666666666666667
772,Just For Laughs Gags Arabic,2190000,1309469345,1912,Comedy,2013,10.5,15.174603174603176
773,Hugo Tout Seul,2180000,153351178,26,Comedy,2011,12.5,0.17333333333333334
774,Javi Ghan,2180000,459099175,257,Comedy,2017,6.5,3.294871794871795
775,FUNG BROS.,2180000,461745707,1473,Comedy,2011,12.5,9.82
776,í¼ìëíPsick Univ,2180000,973145107,995,Comedy,2019,4.5,18.425925925925927
777,Nois Ã© Pobre,2170000,239793294,429,Comedy,2016,7.5,4.766666666666667
778,à¸ªà¸²à¸¢à¸à¸´à¸§ à¸à¸´à¸à¸«à¸¡à¸à¸à¸¥à¸­à¸ à¸à¸­à¸à¸«à¸¡à¸à¸à¸¥à¸²à¸¢,2170000,411667800,1275,Comedy,2011,12.5,8.5
779,Upboyraj Comedy,2160000,1170862001,270,Comedy,2018,5.5,4.090909090909091
780,Fahd El,2160000,427470976,171,Comedy,2014,9.5,1.5
781,Take A Break,2160000,246935291,77,Comedy,2021,2.5,2.566666666666667
782,Ibrahim 420,2160000,247210429,97,Comedy,2014,9.5,0.8508771929824562
783,RickyEdit,2160000,667404293,896,Comedy,2014,9.5,7.859649122807017
784,POPS TV VIETNAM,2160000,930404603,1522,Comedy,2013,10.5,12.07936507936508
785,Le Jimmy Labeeu,2160000,246868625,151,Comedy,2014,9.5,1.324561403508772
786,SSJ9K,2160000,362437731,191,Comedy,2014,9.5,1.675438596491228
787,SVM TV,2160000,808948844,1705,Comedy,2015,8.5,16.715686274509803
788,Chad Kinis,2160000,171720047,388,Comedy,2008,15.5,2.086021505376344
789,Tabitha Swatosh,2160000,832728025,434,Comedy,2020,3.5,10.333333333333334
790,ã©ãã¡ã¨ã« Raphael,2156481,656334526,986,Comedy,2014,9.5,8.649122807017543
791,zekairy,2150000,691226,7,Comedy,2013,10.5,0.05555555555555555
792,Los Displicentes,2150000,737215079,1032,Comedy,2015,8.5,10.117647058823529
793,Woa Parody Like,2150000,2006267481,1182,Comedy,2013,10.5,9.380952380952381
794,Hecatombe Producciones,2150000,594256007,565,Comedy,2012,11.5,4.094202898550725
795,JOHAN,2140000,441809000,387,Comedy,2014,9.5,3.3947368421052633
796,NÃ©rida Barbosa,2140000,275214733,326,Comedy,2015,8.5,3.1960784313725488
797,ÙØ´Ø±ÙØ¹ Ø¬ÙØ§Ø²,2140000,1172153989,123,Comedy,2017,6.5,1.5769230769230769
798,Fuinha,2130000,126879032,315,Comedy,2015,8.5,3.088235294117647
799,Clumsy,2130000,157479,10,Comedy,2015,8.5,0.09803921568627451
800,Max Fosh,2130000,367099324,212,Comedy,2016,7.5,2.3555555555555556
801,danfart,2130000,711713095,771,Comedy,2021,2.5,25.7
802,SerGioNis,2120000,399446339,545,Comedy,2015,8.5,5.343137254901961
803,Fun Friend Indian,2120000,317293588,100,Comedy,2018,5.5,1.5151515151515154
804,Youssef joe_ÙÙØ³Ù ÚÙ,2110000,1151831776,793,Comedy,2021,2.5,26.433333333333334
805,Chespirito y sus Amigos,2110000,1172553551,877,Comedy,2016,7.5,9.744444444444445
806,Atompakon,2110000,363463973,683,Comedy,2015,8.5,6.696078431372549
807,Ozyrys,2110000,1168897725,439,Comedy,2016,7.5,4.877777777777777
808,Bem Humorado,2110000,806061329,1211,Comedy,2019,4.5,22.425925925925924
809,MemerMan,2110000,491285244,153,Comedy,2016,7.5,1.7
810,Mandy Candy,2100000,222170331,1048,Comedy,2014,9.5,9.192982456140351
811,South Park Studios,2100000,639933679,693,Comedy,2006,17.5,3.3000000000000003
812,TUBE LIGHT,2090000,348977168,226,Comedy,2019,4.5,4.185185185185185
813,Pedro Strapasson,2080000,1,0,Comedy,2011,12.5,0.0
814,ÐÐÐ ÐÐ,2080000,381392457,516,Comedy,2012,11.5,3.739130434782609
815,fazz160,2080000,458560166,754,Comedy,2010,13.5,4.654320987654321
816,BÃ¡rbara Coura,2070000,1067134638,602,Comedy,2015,8.5,5.901960784313726
817,à¹à¸à¹à¸°à¸à¸¹à¸à¹à¸«à¸à¸¡ à¸£à¸µà¹à¸à¸´à¸£à¹à¸,2070000,154496556,227,Comedy,2014,9.5,1.9912280701754386
818,Mohammed Nassib,2070000,367569709,125,Comedy,2010,13.5,0.7716049382716049
819,AlotVines,2070000,335595738,219,Comedy,2014,9.5,1.9210526315789476
820,ImAllexx,2070000,333731361,483,Comedy,2013,10.5,3.8333333333333335
821,Khalid Lidlissi & Dala,2070000,198799633,220,Comedy,2018,5.5,3.3333333333333335
822,Los ADN,2070000,597703796,451,Comedy,2014,9.5,3.956140350877193
823,MilhoTV,2070000,196512759,1442,Comedy,2008,15.5,7.752688172043011
824,MacDannyGun,2060000,1731617232,1018,Comedy,2012,11.5,7.3768115942028984
825,Chad Chad,2060000,161251484,58,Comedy,2018,5.5,0.8787878787878788
826,Brizzy Voices,2060000,305330962,352,Comedy,2012,11.5,2.5507246376811596
827,joshiiwuh,2060000,778585028,184,Comedy,2012,11.5,1.3333333333333333
828,Channel Rupali HD,2060000,474923971,4234,Comedy,2017,6.5,54.28205128205128
829,Flavinha Louise,2060000,1023280782,289,Comedy,2017,6.5,3.705128205128205
830,I Hate Everything,2060000,462768388,280,Comedy,2013,10.5,2.2222222222222223
831,Salice Rose,2060000,74963471,318,Comedy,2014,9.5,2.789473684210526
832,Comedy Central UK,2050000,1435564349,5981,Comedy,2010,13.5,36.91975308641975
833,WholeWheatPete,2050000,858396840,527,Comedy,2018,5.5,7.984848484848484
834,Matheus Kuasne,2040000,143558611,860,Comedy,2015,8.5,8.431372549019608
835,les Segpa,2040000,250293016,27,Comedy,2016,7.5,0.3
836,Pat04Chek,2040000,437267979,248,Comedy,2016,7.5,2.755555555555556
837,Aziatomik,2040000,178705111,70,Comedy,2007,16.5,0.35353535353535354
838,Pravallika_Richh akka,2040000,1282145344,350,Comedy,2018,5.5,5.303030303030303
839,IKRU Entertainments,2040000,1302173174,703,Comedy,2016,7.5,7.811111111111111
840,Raylton Soares,2040000,81815323,67,Comedy,2014,9.5,0.587719298245614
841,MostopapiTV,2030000,250045263,204,Comedy,2011,12.5,1.36
842,Shudh Desi Endings,2030000,368364254,276,Comedy,2013,10.5,2.1904761904761902
843,Daniil le Russe,2030000,464519228,349,Comedy,2006,17.5,1.661904761904762
844,xurxocarreno,2030000,661645128,464,Comedy,2012,11.5,3.3623188405797104
845,Juste pour rire les gags,2030000,1305136684,2971,Comedy,2012,11.5,21.528985507246375
846,CarlosLtv,2030000,330609202,249,Comedy,2014,9.5,2.1842105263157894
847,Meghan McCarthy,2030000,150888601,278,Comedy,2007,16.5,1.404040404040404
848,ÐÐ»ÑÑÐºÐ¸,2020000,157713451,70,Comedy,2020,3.5,1.6666666666666667
849,El 5,2020000,2197228186,13220,Comedy,2013,10.5,104.92063492063492
850,MAY I SEE,2020000,765463102,288,Comedy,2017,6.5,3.692307692307692
851,Matthew Espinosa,2020000,68597304,94,Comedy,2013,10.5,0.746031746031746
852,Darryl Mayes,2020000,597736879,524,Comedy,2010,13.5,3.234567901234568
853,ãã¾ããã¡ãã£ã³ãã«,2020000,806473891,769,Comedy,2020,3.5,18.30952380952381
854,Isaac Butterfield,2020000,437449318,1222,Comedy,2012,11.5,8.855072463768115
855,Guatsi,2020000,233254800,550,Comedy,2012,11.5,3.985507246376812
856,BATZAIR,2020000,1093754144,503,Comedy,2020,3.5,11.976190476190476
857,AreYouKiddingTV,2010000,1119830126,526,Comedy,2016,7.5,5.844444444444445
858,Mahathalli,2010000,676737491,404,Comedy,2016,7.5,4.488888888888889
859,Snapy6065,2010000,470796493,381,Comedy,2016,7.5,4.233333333333333
860,mark dohner,2010000,321465219,631,Comedy,2014,9.5,5.535087719298246
861,Vikas_baba_,2010000,1241576303,949,Comedy,2017,6.5,12.166666666666666
862,ä¸»é »éãè°·é¿è«ã,2010000,903946110,1188,Comedy,2015,8.5,11.647058823529411
863,FamÃ­lia Jeito loko de ser,2010000,266789706,1184,Comedy,2015,8.5,11.607843137254902
864,Black Horse,2010000,595744803,242,Comedy,2014,9.5,2.1228070175438596
865,B. Dylan Hollis,2010000,335588397,89,Comedy,2014,9.5,0.7807017543859649
866,Nunca Te Pedi Nada,2010000,243695683,889,Comedy,2015,8.5,8.715686274509805
867,Islam Ashi,2010000,236956253,165,Comedy,2016,7.5,1.8333333333333333
868,Rebecca Rogers (Mrs. Rogers),2000000,1207573042,2100,Comedy,2021,2.5,70.0
869,Whitney Avalon,2000000,742885854,97,Comedy,2007,16.5,0.4898989898989899
870,DAGames,2000000,1058093908,1584,Comedy,2011,12.5,10.56
871,Jess Bonfioli,2000000,847438389,609,Comedy,2011,12.5,4.06
872,CHÃCARA COMÃDIA SELVAGEM,1990000,473642974,368,Comedy,2020,3.5,8.761904761904761
873,Gaspi,1990000,38853211,6,Comedy,2013,10.5,0.047619047619047616
874,V1ctorian0,1990000,458251177,315,Comedy,2014,9.5,2.763157894736842
875,Woa Parody,1990000,638758118,968,Comedy,2018,5.5,14.666666666666666
876,Jarvis Johnson,1990000,231717991,145,Comedy,2006,17.5,0.6904761904761906
877,LOL ComediHa!,1990000,1028632249,1816,Comedy,2012,11.5,13.159420289855072
878,Manu e Flavia,1986470,218292096,329,Comedy,2012,11.5,2.3840579710144927
879,Berlin,1980000,154601985,107,Comedy,2012,11.5,0.7753623188405797
880,ÐÐ°Ð²ÐµÐ» ÐÐ¾Ð»Ñ,1980000,518845566,146,Comedy,2010,13.5,0.9012345679012346
881,JIGMÃ,1980000,207691344,57,Comedy,2012,11.5,0.41304347826086957
882,Alexander Babu,1980000,189483211,165,Comedy,2016,7.5,1.8333333333333333
883,Corte Y Queda,1980000,209179979,408,Comedy,2018,5.5,6.1818181818181825
884,Navarretes Show,1970000,532496184,732,Comedy,2019,4.5,13.555555555555555
885,í´ê²½ì ì½ë¨¹ì,1970000,363491083,707,Comedy,2015,8.5,6.931372549019607
886,YOUNG,1970000,304271667,231,Comedy,2016,7.5,2.566666666666667
887,Monfunny tv,1960000,119331533,176,Comedy,2017,6.5,2.2564102564102564
888,Soy Banaz,1960000,256261895,495,Comedy,2011,12.5,3.3000000000000003
889,Tyrone Magnus,1960000,608294392,10543,Comedy,2012,11.5,76.39855072463767
890,WOKI TOKI,1960000,456281337,272,Comedy,2011,12.5,1.8133333333333335
891,Ð¡ÑÐ°Ñ ÐÑÐ½Ð¸Ðº,1960000,378280734,167,Comedy,2015,8.5,1.6372549019607845
892,Zorman,1960000,373634397,228,Comedy,2012,11.5,1.6521739130434783
893,JuniorTV,1960000,322098525,406,Comedy,2013,10.5,3.222222222222222
894,MosierWorks,1960000,2161662103,851,Comedy,2008,15.5,4.575268817204301
895,vito sinaga,1960000,610095145,692,Comedy,2016,7.5,7.688888888888889
896,Ahmad Mahroom,1950000,1106278030,194,Comedy,2016,7.5,2.1555555555555554
897,Nextraker,1950000,266381711,1111,Comedy,2008,15.5,5.973118279569892
898,BORIBOON FAMILY,1950000,515064497,763,Comedy,2016,7.5,8.477777777777778
899,rSlash,1950000,1364476524,1641,Comedy,2019,4.5,30.38888888888889
900,Scrubby,1950000,60916040,93,Comedy,2017,6.5,1.1923076923076923
901,Misfits,1940000,102932454,25,Comedy,2018,5.5,0.37878787878787884
902,Meeth _Miri,1940000,1658668172,858,Comedy,2009,14.5,4.93103448275862
903,Emmanuel N Phillip Hudson,1940000,267501283,206,Comedy,2009,14.5,1.1839080459770115
904,Neoxi,1940000,217896794,329,Comedy,2012,11.5,2.3840579710144927
905,Rebosteio,1940000,153291849,68,Comedy,2006,17.5,0.3238095238095238
906,à¸¡à¸´à¸à¸à¸±à¸ à¸à¸´à¹à¸à¸à¹à¸­à¸,1930000,155802373,310,Comedy,2016,7.5,3.4444444444444446
907,Atul Vishwakarma,1930000,309031893,181,Comedy,2020,3.5,4.309523809523809
908,Charlie Berens,1930000,1152259468,654,Comedy,2007,16.5,3.3030303030303028
909,KekÃ© Isso na TV,1930000,342106196,1907,Comedy,2009,14.5,10.959770114942529
910,lkda9ofc,1920000,967291231,708,Comedy,2019,4.5,13.111111111111112
911,JelloApocalypse,1920000,355565378,187,Comedy,2009,14.5,1.0747126436781609
912,Kris Diamond,1910000,2309442446,2061,Comedy,2021,2.5,68.7
913,Simran Dhanwani,1910000,339897413,69,Comedy,2013,10.5,0.5476190476190476
914,Josh Leyva,1910000,226286645,277,Comedy,2011,12.5,1.8466666666666667
915,BATS CHANNEL,1900000,174545322,191,Comedy,2018,5.5,2.893939393939394
916,The RawKnee Show,1900000,170738246,183,Comedy,2015,8.5,1.7941176470588236
917,Brandon Kent,1900000,221795494,185,Comedy,2015,8.5,1.8137254901960784
918,Theo Von,1900000,291291871,650,Comedy,2006,17.5,3.0952380952380953
919,Ethan and Hila,1900000,303598168,174,Comedy,2013,10.5,1.3809523809523812
920,lobna &Ahlam,1900000,405161378,717,Comedy,2017,6.5,9.192307692307692
921,Berd,1890000,476186301,703,Comedy,2010,13.5,4.339506172839506
922,Satyr,1890000,240895119,60,Comedy,2017,6.5,0.7692307692307692
923,Uae Skills I Ø³ÙÙÙØ²,1890000,317470636,845,Comedy,2007,16.5,4.267676767676767
924,Spoken Reasons,1890000,324055930,373,Comedy,2008,15.5,2.0053763440860215
925,OmgItsNikeFinesse,1890000,951557179,502,Comedy,2011,12.5,3.3466666666666662
926,Montreux Comedy,1880000,928437498,884,Comedy,2009,14.5,5.080459770114943
927,Fabiana Landim,1880000,341043792,1308,Comedy,2015,8.5,12.823529411764705
928,Incognito Mode,1880000,166559428,46,Comedy,2017,6.5,0.5897435897435898
929,HappyTV,1880000,1242657040,1705,Comedy,2016,7.5,18.944444444444446
930,Improv Everywhere,1880000,487223212,206,Comedy,2006,17.5,0.980952380952381
931,Domonic Wilson,1876925,4587959,1,Comedy,2016,7.5,0.011111111111111112
932,Ø§Ø¨Ù Ø§ÙØ¹Ø±Ø¨Ù _ Abo elarabi,1870000,1857611796,413,Comedy,2020,3.5,9.833333333333334
933,Thais e Thalita Matsura,1870000,266444202,2134,Comedy,2013,10.5,16.936507936507937
934,Edson Henrique,1870000,150069654,198,Comedy,2016,7.5,2.1999999999999997
935,Canal OK OK,1870000,261778485,1371,Comedy,2013,10.5,10.880952380952381
936,Luthfi Halimawan,1870000,428127242,4569,Comedy,2010,13.5,28.203703703703706
937,Marat Oralgazin,1860000,430582192,974,Comedy,2011,12.5,6.493333333333333
938,Lazy Lie Crazyãã¬ã¤ã¯ã¬ã,1850000,1144156823,1435,Comedy,2017,6.5,18.397435897435898
939,Memenade,1850000,941294772,2470,Comedy,2018,5.5,37.42424242424242
940,Ð¢ÐµÐ»ÐµÐºÐ°Ð½Ð°Ð» Ð§Ð!,1850000,865534008,3889,Comedy,2012,11.5,28.181159420289855
941,COSTA YT,1850000,230308104,172,Comedy,2017,6.5,2.205128205128205
942,PAT,1840000,154994598,102,Comedy,2007,16.5,0.5151515151515151
943,HouseOfAjebo,1840000,337496340,227,Comedy,2013,10.5,1.8015873015873016
944,GOVOR,1840000,630534056,382,Comedy,2018,5.5,5.787878787878788
945,Ted Nivison,1840000,137999088,82,Comedy,2013,10.5,0.6507936507936508
946,Mr Doctor,1840000,263725607,1920,Comedy,2016,7.5,21.333333333333332
947,Nois Faria,1830000,724243325,533,Comedy,2013,10.5,4.23015873015873
948,bri dominguez,1830000,156479852,157,Comedy,2013,10.5,1.246031746031746
949,Zach Clayton,1830000,202277127,366,Comedy,2014,9.5,3.210526315789474
950,å°ç£éäººç§,1830000,2089811066,16266,Comedy,2012,11.5,117.86956521739131
951,Lucas Camargo,1830000,76626423,243,Comedy,2009,14.5,1.3965517241379308
952,Lance Thirtyacre,1830000,387232296,1199,Comedy,2016,7.5,13.322222222222223
953,Ð Ð¾ÑÑÐ¸Ñ23,1830000,209624922,55,Comedy,2020,3.5,1.3095238095238095
954,WefeOfficial,1820000,214046209,421,Comedy,2013,10.5,3.3412698412698414
955,Alshaki Family,1820000,317721037,708,Comedy,2017,6.5,9.076923076923077
956,Romanov BY,1820000,976840523,452,Comedy,2013,10.5,3.5873015873015874
957,Ø­Ø³Ù Ø§ÙÙÙØ³Ù Hasan Yusuf,1820000,194861633,553,Comedy,2016,7.5,6.144444444444445
958,Renato Albani,1820000,363016321,439,Comedy,2007,16.5,2.217171717171717
959,MATH,1820000,478107309,280,Comedy,2014,9.5,2.456140350877193
960,ãµãããª/fukurena,1820000,505255398,318,Comedy,2015,8.5,3.1176470588235294
961,Nelly & Sherihan,1810000,978491981,853,Comedy,2016,7.5,9.477777777777778
962,Here's Jeffy,1810000,712669366,1082,Comedy,2018,5.5,16.393939393939394
963,Beyaz Show,1800000,1683710627,6404,Comedy,2014,9.5,56.175438596491226
964,bicsmalln channel,1800000,2169952278,1221,Comedy,2018,5.5,18.5
965,Julian Smith,1800000,389915386,108,Comedy,2006,17.5,0.5142857142857143
966,Jeyx,1800000,334408808,484,Comedy,2014,9.5,4.245614035087719
967,Jimmy,1800000,200074429,199,Comedy,2011,12.5,1.3266666666666667
968,BANGIJAL TV,1790000,262225081,389,Comedy,2015,8.5,3.8137254901960786
969,DCD Odia,1790000,976456121,2845,Comedy,2016,7.5,31.61111111111111
970,Twan Kuyper,1790000,175557193,136,Comedy,2015,8.5,1.3333333333333333
971,ÐÐ»ÐµÐºÑÐµÐ¹ Ð©ÐµÑÐ±Ð°ÐºÐ¾Ð²,1790000,121043155,90,Comedy,2013,10.5,0.7142857142857143
972,Tropa da 9,1790000,138389074,103,Comedy,2012,11.5,0.746376811594203
973,Galich Ida,1790000,302185414,131,Comedy,2014,9.5,1.1491228070175439
974,Paul Ferrer,1790000,133707258,367,Comedy,2014,9.5,3.2192982456140347
975,Mai Mohini,1790000,692121248,364,Comedy,2021,2.5,12.133333333333333
976,JISMA & VIMAL,1790000,640652327,295,Comedy,2018,5.5,4.46969696969697
977,Kevin LaSean,1780000,324485866,356,Comedy,2007,16.5,1.7979797979797978
978,Pastor David Rodriguez,1780000,330860790,10480,Comedy,2009,14.5,60.22988505747126
979,Nana Liu TNNC,1780000,288447642,148,Comedy,2017,6.5,1.8974358974358976
980,Ná»¤ CÆ¯á»I VÃNG TV,1780000,871343780,1457,Comedy,2017,6.5,18.67948717948718
981,TroubleSeekerTeam,1780000,305859512,272,Comedy,2012,11.5,1.971014492753623
982,Domo Wilson,1780000,98306928,236,Comedy,2017,6.5,3.0256410256410255
983,Family Vlog,1770000,104348798,242,Comedy,2015,8.5,2.372549019607843
984,Mr Nam Vlogs,1770000,214077889,56,Comedy,2014,9.5,0.49122807017543857
985,ë³´ë¬¼ì¬,1770000,1562705393,641,Comedy,2012,11.5,4.644927536231884
986,ì¡°ì¬ì,1770000,689515544,479,Comedy,2013,10.5,3.801587301587302
987,Filmler ve Filimler,1770000,447540059,679,Comedy,2015,8.5,6.656862745098039
988,HSTV,1770000,237013897,71,Comedy,2014,9.5,0.6228070175438597
989,BB&BG Entertainment,1770000,488578831,103,Comedy,2010,13.5,0.6358024691358025
990,rajuindori,1760000,1215095063,860,Comedy,2016,7.5,9.555555555555555
991,Ð¢ÐµÐ»ÐµÐºÐ°Ð½Ð°Ð» Ð¥Ð°Ð±Ð°Ñ 24,1760000,979445782,382460,Comedy,2012,11.5,2771.4492753623185
992,Ø¹ÙØ§Ø± ÙØ§ÙØ± _Ammar Maher,1760000,152420074,318,Comedy,2013,10.5,2.5238095238095237
993,102Productions,1760000,462741362,216,Comedy,2012,11.5,1.565217391304348
994,ã©ãã¡ã¨ã« Raphael,1760000,884306945,1542,Comedy,2015,8.5,15.117647058823529
995,Oscar Mel,1760000,1286250669,2261,Comedy,2009,14.5,12.99425287356322
996,Pedrin,1760000,587862321,967,Comedy,2017,6.5,12.397435897435898
997,Luca Lattanzio,1760000,568262369,1134,Comedy,2012,11.5,8.217391304347826
998,3 Chestii,1750000,675184604,390,Comedy,2014,9.5,3.4210526315789473
999,Ciconimation,1750000,160312633,54,Comedy,2021,2.5,1.8
1000,Jaboody Dubs,1750000,432720599,165,Comedy,2008,15.5,0.8870967741935484
